Rk,Player,Pos,Age,Tm,G,GS,MP,FG,FGA,FG%,3P,3PA,3P%,2P,2PA,2P%,eFG%,FT,FTA,FT%,ORB,DRB,TRB,AST,STL,BLK,TOV,PF,PTS,BPM
1,Precious Achiuwa,C,22,TOR,48,23,23.1,3.1,7.3,0.423,0.4,1.2,0.305,2.7,6.1,0.447,0.449,0.9,1.6,0.579,2.2,4.7,6.9,1.1,0.5,0.6,1,2,7.5,-3.2
2,Steven Adams,C,28,MEM,56,55,26.1,2.8,5,0.546,0,0,,2.8,5,0.546,0.546,1.5,2.7,0.556,4.5,5.1,9.6,3.2,0.9,0.7,1.6,1.9,7,1.5
3,Bam Adebayo,C,24,MIA,34,34,33.4,7.1,13.5,0.524,0,0.1,0,7.1,13.4,0.529,0.524,4.4,5.9,0.751,2.9,7.4,10.2,3.5,1.5,0.7,2.9,3.1,18.6,3.2
4,Santi Aldama,PF,21,MEM,27,0,10.3,1.4,3.6,0.381,0.1,1.4,0.103,1.2,2.1,0.569,0.402,0.4,0.7,0.6,0.9,1.5,2.4,0.5,0.1,0.3,0.3,1,3.3,-6.6
5,LaMarcus Aldridge,C,36,BRK,39,11,22.9,5.8,10.4,0.559,0.3,1,0.308,5.5,9.4,0.586,0.574,1.8,2.1,0.855,1.6,4.1,5.7,0.8,0.3,1.1,1,1.8,13.8,0.9
6,Nickeil Alexander-Walker,SG,23,TOT,52,19,25.4,4.6,12.2,0.374,1.8,5.9,0.31,2.7,6.3,0.434,0.449,1.3,1.9,0.722,0.7,2.5,3.2,2.7,0.8,0.4,1.6,1.7,12.3,-3.2
7,Grayson Allen,SG,26,MIL,49,48,28,4,9.4,0.425,2.5,6.4,0.392,1.5,3,0.497,0.56,1,1.1,0.857,0.5,2.9,3.4,1.5,0.8,0.3,0.6,1.4,11.5,0.3
8,Jarrett Allen,C,23,CLE,50,50,32.6,6.6,9.9,0.666,0,0.2,0.1,6.6,9.7,0.678,0.667,3,4.3,0.702,3.6,7.4,11,1.8,0.7,1.3,1.8,1.8,16.2,3.9
9,Jose Alvarado,PG,23,NOP,31,1,12.8,1.9,4.5,0.426,0.6,1.8,0.316,1.4,2.7,0.5,0.489,0.6,0.9,0.741,0.3,1.2,1.5,2,1,0.2,0.5,1.3,5.1,1.6
10,Justin Anderson,SF,28,TOT,6,0,12.8,1,3.2,0.316,0.5,2.5,0.2,0.5,0.7,0.75,0.395,1,1.2,0.857,0.3,1.3,1.7,1.5,0.3,0.2,0.5,1.5,3.5,-4.3
11,Kyle Anderson,PF,28,MEM,47,8,21.7,3,7,0.431,0.6,1.7,0.333,2.4,5.3,0.462,0.471,1,1.6,0.636,0.9,4.3,5.2,2.7,1.1,0.6,1,1.5,7.6,0.7
12,Giannis Antetokounmpo,PF,27,MIL,49,49,32.7,10.1,18.5,0.547,1.2,3.8,0.309,8.9,14.7,0.61,0.579,8,11.1,0.721,1.9,9.3,11.2,6,1,1.4,3.3,3.2,29.4,11.3
13,Thanasis Antetokounmpo,SF,29,MIL,37,5,9.7,1.1,2.3,0.477,0,0.3,0.091,1.1,2,0.533,0.483,0.4,0.6,0.625,0.8,1.3,2.1,0.5,0.4,0.2,0.5,1.5,2.6,-4.4
14,Carmelo Anthony,PF,37,LAL,50,3,26.5,4.6,10.5,0.437,2.3,5.9,0.392,2.3,4.6,0.496,0.548,2,2.4,0.824,0.8,3.3,4.2,1,0.7,0.8,0.9,2.2,13.4,0.1
15,Cole Anthony,PG,21,ORL,46,46,33,6,15.2,0.398,2.2,6.5,0.337,3.9,8.7,0.443,0.469,3.5,4,0.855,0.6,5.2,5.8,5.9,0.8,0.3,2.9,2.7,17.7,-0.9
16,OG Anunoby,SF,24,TOR,42,42,36.7,6.6,15.1,0.436,2.4,6.8,0.351,4.2,8.3,0.506,0.515,1.9,2.5,0.748,1.6,3.9,5.5,2.6,1.5,0.6,1.8,3,17.5,0.1
17,Trevor Ariza,SF,36,LAL,20,8,19.3,1.3,3.7,0.351,1,3.1,0.328,0.3,0.7,0.462,0.486,0.4,0.7,0.5,0.3,3.1,3.4,1.2,0.5,0.2,0.5,0.9,4,-2.9
18,D.J. Augustin,PG,34,HOU,34,2,15,1.6,4,0.404,1.1,2.8,0.406,0.5,1.2,0.4,0.548,1,1.1,0.868,0.2,1,1.2,2.2,0.3,0,1.3,0.5,5.4,-4.4
19,Deni Avdija,SF,21,WAS,58,6,23.4,2.8,6.4,0.441,0.9,2.9,0.307,1.9,3.6,0.549,0.509,1.2,1.6,0.767,0.6,4.4,5.1,1.7,0.8,0.6,0.8,2.3,7.7,-1.1
20,Joel Ayayi,SG,21,WAS,7,0,2.9,0.1,0.9,0.167,0,0.1,0,0.1,0.7,0.2,0.167,0,0,,0.1,0.3,0.4,0.6,0,0,0,0,0.3,-5.9
21,Deandre Ayton,C,23,PHO,37,37,29.1,7.2,11.4,0.633,0.1,0.2,0.222,7.1,11.1,0.642,0.636,2,2.8,0.728,2.6,7.6,10.3,1.4,0.8,0.8,1.6,2.2,16.5,3.5
22,Udoka Azubuike,C,22,UTA,15,6,11.9,2.2,2.9,0.75,0,0,,2.2,2.9,0.75,0.75,0.4,0.7,0.545,1,3.1,4.1,0,0.1,0.7,0.8,1.5,4.8,-1.9
23,Marvin Bagley III,PF,22,TOT,32,17,21.9,3.8,8.2,0.46,0.5,2,0.238,3.3,6.3,0.53,0.489,1.2,1.7,0.685,2.3,4.9,7.2,0.6,0.3,0.3,0.7,1.6,9.2,-3.7
24,LaMelo Ball,PG,20,CHO,53,53,32.7,7.2,16.9,0.423,2.7,7.3,0.367,4.5,9.6,0.467,0.503,3.1,3.6,0.857,1.6,5.5,7.1,7.5,1.6,0.4,3.2,3.2,20,3.5
25,Lonzo Ball,PG,24,CHI,35,35,34.6,4.6,10.9,0.423,3.1,7.4,0.423,1.5,3.5,0.423,0.567,0.6,0.8,0.75,1,4.4,5.4,5.1,1.8,0.9,2.3,2.4,13,2.7
26,Mo Bamba,C,23,ORL,49,47,26,3.9,8.4,0.468,1.3,3.7,0.344,2.7,4.7,0.565,0.544,0.8,1,0.8,2.1,5.8,7.9,1.3,0.6,1.8,1.2,2.5,10,0.1
27,Desmond Bane,SF,23,MEM,56,56,30.2,6.6,14.4,0.46,2.9,6.9,0.419,3.7,7.4,0.499,0.561,1.8,1.9,0.907,0.6,3.9,4.5,2.5,1.2,0.4,1.6,2.6,17.9,2
28,Dalano Banton,SF,22,TOR,47,1,11.8,1.5,3.6,0.413,0.2,0.9,0.256,1.2,2.6,0.468,0.446,0.4,0.7,0.618,0.7,1.6,2.2,1.6,0.5,0.2,1,1.2,3.6,-3.3
29,Cat Barber,PG,27,ATL,3,0,4.3,0,1.3,0,0,0,,0,1.3,0,0,0,1.3,0,0.3,0.7,1,1,0,0,0.3,0.3,0,-23.4
30,Harrison Barnes,PF,29,SAC,55,55,33.7,5.2,11.1,0.466,2,4.8,0.409,3.2,6.3,0.51,0.555,4.7,5.6,0.828,1.1,5,6.1,2.5,0.7,0.2,1.6,1.3,17,0.8
31,Scottie Barnes,PF,20,TOR,49,49,35.4,5.7,12.1,0.47,0.8,2.7,0.313,4.9,9.4,0.514,0.504,2.2,3,0.733,2.4,5,7.4,3.3,1,0.8,1.8,2.7,14.4,0
32,RJ Barrett,SF,21,NYK,48,48,33.1,6.4,15.5,0.412,2,5.6,0.354,4.4,9.8,0.445,0.476,3.2,4.6,0.695,0.9,4.8,5.7,2.6,0.5,0.3,2,2,18,-1.6
33,Will Barton,SG,31,DEN,51,51,32.3,5.8,13,0.444,2.2,6,0.37,3.5,7,0.508,0.53,1.4,1.7,0.784,0.6,4.3,5,3.9,0.8,0.5,1.9,1.5,15.2,0.3
34,Paris Bass,SF,26,PHO,2,0,3.5,1,3,0.333,0,1,0,1,2,0.5,0.333,1,1,1,1,1,2,0,0.5,0,1,1,3,-12.4
35,Charles Bassey,PF,21,PHI,23,0,7.3,1.3,2,0.638,0,0.2,0,1.3,1.9,0.698,0.638,0.4,0.5,0.75,1,1.7,2.7,0.3,0.2,0.7,0.3,1.4,3,1.9
36,Keita Bates-Diop,SF,26,SAS,45,12,16.3,2.2,4.3,0.503,0.3,0.9,0.333,1.8,3.4,0.55,0.539,0.7,1,0.705,1,2.9,3.9,0.6,0.5,0.3,0.7,1,5.3,-2.7
37,Nicolas Batum,PF,33,LAC,40,35,24.8,3.2,6.6,0.487,2,4.7,0.418,1.3,1.9,0.658,0.636,0.4,0.6,0.667,0.5,4,4.5,1.5,1,0.7,0.7,1.4,8.8,3
38,Kent Bazemore,SF,32,LAL,32,14,14.4,1.3,3.8,0.331,0.8,2.1,0.358,0.5,1.7,0.296,0.43,0.4,0.5,0.765,0.3,1.4,1.7,0.9,0.7,0.2,0.3,1.8,3.7,-3.5
39,Darius Bazley,PF,21,OKC,53,37,27.3,3.6,9,0.4,1,3.5,0.294,2.6,5.5,0.467,0.457,1.6,2.3,0.697,1.1,5.4,6.6,1.3,0.8,1.1,1.3,1,9.8,-1.8
40,Bradley Beal,SG,28,WAS,40,40,36,8.7,19.3,0.451,1.6,5.3,0.3,7.1,14,0.508,0.492,4.2,5.1,0.833,1,3.8,4.7,6.6,0.9,0.4,3.4,2.4,23.2,0.9
41,Malik Beasley,SG,25,MIN,59,10,25.3,4.3,11.4,0.375,2.9,8.2,0.353,1.4,3.2,0.431,0.501,0.5,0.7,0.762,0.4,2.6,3,1.5,0.5,0.2,0.6,1.2,11.9,-1.9
42,Jordan Bell,C,27,CHI,1,0,2,0,0,,0,0,,0,0,,,0,0,,1,0,1,0,1,0,0,2,0,3
43,DeAndre' Bembry,SF,27,BRK,48,20,19.8,2.5,4.4,0.568,0.3,0.8,0.417,2.2,3.7,0.599,0.603,0.4,0.7,0.6,0.8,2.4,3.2,1.3,1,0.5,0.6,2.2,5.8,-0.5
44,Dāvis Bertāns,PF,29,TOT,36,0,14.8,1.8,5.2,0.349,1.4,4.4,0.316,0.4,0.8,0.536,0.484,0.8,0.9,0.935,0.2,1.6,1.8,0.5,0.3,0.2,0.4,1.6,5.8,-3.7
45,Patrick Beverley,PG,33,MIN,40,36,26.4,3.2,7.8,0.41,1.4,4.2,0.333,1.8,3.6,0.5,0.5,1.5,2.1,0.707,1.1,3.3,4.4,4.9,1.2,1,1.3,3.1,9.2,2.7
46,Saddiq Bey,SF,22,DET,58,58,33.6,5.5,14.1,0.388,2.6,7.4,0.346,2.9,6.7,0.435,0.479,2.4,2.9,0.83,1.4,4.4,5.8,2.8,0.9,0.2,1.3,1.6,15.9,-0.6
47,Khem Birch,C,29,TOR,31,8,18.7,1.9,3.8,0.508,0,0.3,0,1.9,3.5,0.545,0.508,1.1,1.5,0.761,2.4,2.2,4.5,1.1,0.8,0.5,0.5,1.7,5,0.3
48,Goga Bitadze,C,22,IND,35,8,11.8,1.9,4.1,0.448,0.2,1.3,0.17,1.6,2.8,0.582,0.476,1,1.6,0.607,1.4,1.5,2.9,0.8,0.4,0.7,0.8,1.8,4.9,-3.9
49,Bismack Biyombo,C,29,PHO,17,3,18.1,3.5,5.6,0.615,0,0,,3.5,5.6,0.615,0.615,1.6,3,0.529,2.7,3.6,6.4,0.8,0.5,0.8,0.8,2.3,8.5,0.5
50,Nemanja Bjelica,C,33,GSW,53,0,15.3,2.3,5,0.453,0.8,2.3,0.339,1.5,2.7,0.549,0.53,0.8,1.2,0.682,0.8,3.1,3.9,1.9,0.6,0.3,1.1,1.7,6.2,0.9
51,Eric Bledsoe,PG,32,LAC,54,29,25.2,3.6,8.7,0.421,0.9,3,0.313,2.7,5.6,0.479,0.475,1.6,2.2,0.761,0.5,2.9,3.4,4.2,1.3,0.4,2.1,1.6,9.9,-0.8
52,Keljin Blevins,SF,26,POR,12,0,6.1,0.8,1.9,0.391,0.5,1.2,0.429,0.3,0.8,0.333,0.522,0,0.2,0,0.2,0.5,0.7,0.3,0,0,0.5,0.4,2,-9.8
53,Bogdan Bogdanović,SG,29,ATL,40,26,28.7,4.9,11.2,0.433,2.5,6.6,0.375,2.4,4.6,0.516,0.544,1.1,1.4,0.815,0.3,3.5,3.9,3,1,0.2,1.1,2.1,13.3,0.6
54,Bojan Bogdanović,PF,32,UTA,56,56,31,6.1,13.4,0.455,2.4,6.4,0.38,3.6,6.9,0.525,0.546,3.2,3.7,0.87,0.8,3.5,4.4,1.7,0.5,0,1.7,1.7,17.8,-0.2
55,Bol Bol,PF,22,DEN,14,0,5.8,1.1,1.9,0.556,0.1,0.3,0.25,1,1.6,0.609,0.574,0.1,0.4,0.4,0.3,1.1,1.4,0.4,0.1,0.1,0.3,0.3,2.4,-0.9
56,Leandro Bolmaro,SF,21,MIN,25,2,7.5,0.4,1.3,0.281,0.1,0.5,0.167,0.3,0.8,0.35,0.313,0.3,0.4,0.889,0.6,0.8,1.4,0.4,0.2,0,0.5,0.8,1.1,-6.7
57,Isaac Bonga,SF,22,TOR,13,0,5.1,0.2,1,0.231,0.1,0.3,0.25,0.2,0.7,0.222,0.269,0.3,0.5,0.667,0.3,0.2,0.5,0.2,0.5,0.2,0.2,0.8,0.8,-1.9
58,Devin Booker,SG,25,PHO,51,51,34.1,9.3,20.8,0.446,2.6,7.1,0.369,6.6,13.7,0.486,0.509,4.3,5,0.863,0.8,4.4,5.2,4.5,1,0.4,2.4,2.5,25.5,2.8
59,Brandon Boston Jr.,SG,20,LAC,41,0,15.1,2.4,6.4,0.371,0.7,2.3,0.298,1.7,4.1,0.412,0.424,1.2,1.4,0.847,0.3,2,2.3,0.9,0.5,0.3,0.6,0.9,6.7,-3.6
60,Chris Boucher,PF,29,TOR,55,8,20.2,3.2,6.9,0.462,0.8,2.7,0.284,2.4,4.2,0.576,0.517,2,2.6,0.771,2.1,3.8,5.9,0.3,0.7,1,0.6,2.2,9.1,0.2
61,James Bouknight,SG,21,CHO,28,0,10.6,1.7,4.9,0.353,0.6,1.8,0.347,1.1,3.1,0.356,0.415,1,1.1,0.871,0.8,1,1.7,0.8,0.3,0,0.5,1,5,-6.7
62,Avery Bradley,SG,31,LAL,49,42,23.8,2.5,6.1,0.411,1.4,3.6,0.381,1.1,2.5,0.455,0.523,0.2,0.3,0.857,0.6,1.8,2.3,0.8,0.9,0.2,0.7,1.9,6.6,-3.6
63,Tony Bradley,C,24,CHI,45,7,11.1,1.4,2.4,0.579,0,0,,1.4,2.4,0.579,0.579,0.3,0.5,0.667,1.3,2.4,3.7,0.5,0.2,0.7,0.6,1.2,3.1,-1.5
64,Ignas Brazdeikis,SF,23,ORL,28,0,9,1,2.8,0.359,0.4,1.3,0.314,0.6,1.5,0.395,0.429,0.4,0.5,0.8,0.4,0.9,1.3,0.8,0.3,0,0.3,0.9,2.8,-4.7
65,Mikal Bridges,SF,25,PHO,58,58,34.8,5.3,10,0.53,1.4,3.8,0.365,3.9,6.2,0.63,0.599,1.4,1.6,0.84,1,3.3,4.3,2.1,1.2,0.4,0.8,1.9,13.4,1.7
66,Miles Bridges,PF,23,CHO,58,58,36.3,7.4,15.4,0.481,1.8,5.9,0.308,5.6,9.5,0.589,0.54,3.3,4.2,0.798,1.2,6,7.2,3.6,1,0.9,2,2.6,20,1
67,Oshae Brissett,SF,23,IND,47,5,20.3,2.5,6.1,0.408,0.9,2.8,0.333,1.6,3.3,0.471,0.484,1.3,2,0.634,1.5,3.2,4.7,0.8,0.6,0.4,0.8,1.4,7.2,-2.5
68,Malcolm Brogdon,PG,29,IND,28,28,33.4,6.6,14.7,0.448,1.6,5.4,0.307,4.9,9.3,0.529,0.504,3.8,4.4,0.861,0.9,4.3,5.1,5.9,0.9,0.4,2.2,2,18.5,2.6
69,Armoni Brooks,SG,23,HOU,41,8,16.8,2.1,6.1,0.347,1.6,5.2,0.3,0.6,0.9,0.605,0.474,0.4,0.5,0.842,0.3,1.7,2,1.2,0.5,0.2,0.6,1.5,6.2,-4.4
70,Dillon Brooks,SF,26,MEM,21,20,28,6.9,16.2,0.426,1.6,4.8,0.327,5.3,11.4,0.469,0.475,3,3.4,0.889,0.8,2.5,3.3,2.7,1.3,0.2,1.8,3.3,18.4,-1.2
71,Bruce Brown,SF,25,BRK,50,23,21.3,2.7,5.5,0.486,0.3,0.8,0.317,2.4,4.7,0.515,0.509,0.8,1.1,0.737,1.2,3.1,4.3,1.3,1,0.5,0.6,2.3,6.5,-1.2
72,Charlie Brown Jr.,SG,24,TOT,19,2,9.1,0.5,2.1,0.256,0.1,0.6,0.083,0.5,1.4,0.333,0.269,0.5,0.5,0.9,0.7,0.9,1.7,0.3,0.5,0.2,0.3,0.9,1.6,-4.7
73,Chaundee Brown Jr.,SG-SF,23,TOT,5,2,20.8,2,6.4,0.313,1.2,3.6,0.333,0.8,2.8,0.286,0.406,1,1.2,0.833,0.2,3,3.2,0.8,0.4,0,0.2,1.4,6.2,-6.5
74,Greg Brown III,SF,20,POR,28,0,7.9,1.3,2.9,0.432,0.1,0.8,0.19,1.1,2.1,0.517,0.457,0.7,1.1,0.633,0.7,1.3,2,0.3,0.3,0.4,0.4,1.1,3.3,-4.1
75,Jaylen Brown,SF,25,BOS,46,46,34.3,8.7,18.8,0.46,2.7,7.5,0.353,6,11.3,0.532,0.531,3.8,4.9,0.773,0.8,5.7,6.5,3.3,1.1,0.3,2.9,2.5,23.7,2.1
76,Moses Brown,C,22,DAL,26,1,6.5,1,1.9,0.54,0,0,,1,1.9,0.54,0.54,1,1.7,0.628,0.6,1.7,2.3,0,0.1,0.3,0.5,1.1,3.1,-4.6
77,Sterling Brown,SG,26,DAL,38,3,13.8,1.3,3.4,0.398,0.7,2.1,0.342,0.6,1.3,0.49,0.504,0.3,0.3,0.909,0.6,2.8,3.4,0.8,0.3,0.1,0.6,1.2,3.7,-2.2
78,Troy Brown Jr.,SF,22,CHI,48,6,18.1,1.8,4.4,0.4,0.7,2.1,0.33,1,2.2,0.467,0.481,0.4,0.5,0.76,0.7,2.8,3.5,1.1,0.6,0.1,0.5,1.1,4.6,-2.3
79,Jalen Brunson,PG,25,DAL,58,40,32.1,6.5,12.9,0.503,1.2,3.1,0.372,5.3,9.8,0.544,0.548,2.2,2.7,0.813,0.6,3.3,3.8,5.4,0.9,0.1,1.7,1.9,16.3,1.4
80,Thomas Bryant,C,24,WAS,16,9,17.3,3.1,6.1,0.515,0.6,1.8,0.31,2.6,4.3,0.603,0.562,1.3,1.5,0.833,1.4,2.6,4,0.9,0.4,0.6,0.6,1.7,8.1,0.2
81,Shaq Buchanan,PG,25,MEM,2,0,5,0.5,2,0.25,0,1,0,0.5,1,0.5,0.25,0,0,,0.5,0.5,1,1,0.5,0,1,0.5,1,-11.1
82,Reggie Bullock,SF,30,DAL,49,18,25.3,2.8,6.8,0.415,1.9,5.2,0.363,0.9,1.6,0.582,0.554,0.6,0.7,0.857,0.4,3,3.4,1,0.5,0.1,0.5,1.4,8.2,-1.1
83,Trey Burke,PG,29,DAL,32,0,10.8,2.2,5.3,0.415,0.7,2.2,0.333,1.5,3.2,0.471,0.482,0.5,0.5,0.941,0.1,0.8,0.9,1.4,0.3,0,0.7,1,5.7,-3
84,Alec Burks,SG,30,NYK,58,21,26.6,3.3,8.6,0.379,1.7,4.4,0.385,1.6,4.2,0.372,0.478,2.7,3.3,0.822,0.6,3.8,4.4,2.7,1.1,0.3,1,2.4,10.9,0.5
85,Jared Butler,SG,21,UTA,28,1,7.6,1.3,3.1,0.409,0.6,1.7,0.362,0.7,1.5,0.463,0.506,0.3,0.4,0.583,0.1,0.7,0.8,1.2,0.3,0.3,0.8,1,3.4,-1.9
86,Jimmy Butler,SF,32,MIA,40,40,34.3,7.2,15,0.478,0.4,2,0.192,6.8,13,0.521,0.491,7.1,7.9,0.896,2,4.5,6.4,6,1.8,0.5,2.2,1.5,21.8,7.6
87,Devontae Cacok,PF,25,SAS,10,0,8,1.6,2.3,0.696,0,0,,1.6,2.3,0.696,0.696,0.4,0.7,0.571,0.5,2.5,3,0.2,0.5,0.7,0.2,1.1,3.6,5
88,Kentavious Caldwell-Pope,SG,28,WAS,55,55,29.4,4.2,10.2,0.41,2,5.2,0.38,2.2,5,0.44,0.506,1.3,1.4,0.899,0.5,2.9,3.4,1.7,1.1,0.4,1.2,1.7,11.6,-1.8
89,Facundo Campazzo,PG,30,DEN,54,4,20.3,1.9,5.1,0.378,1.1,3.3,0.32,0.9,1.8,0.485,0.482,1.1,1.3,0.806,0.4,1.6,1.9,3.7,1.1,0.4,1.2,2.1,6,-0.4
90,Vlatko Čančar,PF,24,DEN,14,1,10.9,1.6,2.8,0.564,0.5,0.9,0.583,1.1,1.9,0.556,0.654,0.6,0.9,0.75,0.4,1.2,1.6,0.9,0.1,0.2,0.6,0.9,4.3,-0.6
91,Clint Capela,C,27,ATL,50,49,28,4.8,8.2,0.586,0,0,0,4.8,8.1,0.587,0.586,1.1,2.4,0.467,3.7,8.3,12.1,1.4,0.7,1.4,0.6,2.2,10.7,1.7
92,Vernon Carey Jr.,C,20,TOT,5,1,3.6,0.6,1.2,0.5,0,0,,0.6,1.2,0.5,0.5,0.4,0.6,0.667,0.6,0.4,1,0,0.2,0,0.2,0.2,1.6,-8.1
93,Jevon Carter,PG,26,BRK,46,1,12,1.3,3.8,0.333,0.9,2.8,0.331,0.3,1,0.34,0.454,0.2,0.2,0.7,0.2,1.3,1.5,1,0.3,0.2,0.6,1,3.6,-4.5
94,Wendell Carter Jr.,C,22,ORL,51,50,29.4,5.4,10.6,0.507,1.2,3.6,0.321,4.2,7,0.604,0.562,2.1,3,0.706,2.1,8.1,10.2,2.7,0.6,0.7,1.7,2.6,14,1.2
95,Alex Caruso,SG,27,CHI,28,9,27.7,2.8,6.5,0.429,1.1,3.1,0.345,1.7,3.4,0.505,0.511,1.7,2.1,0.814,0.9,3,3.9,3.9,1.9,0.4,1.4,2.4,8.4,1.8
96,Willie Cauley-Stein,C,28,DAL,18,2,9.8,0.9,1.9,0.457,0.1,0.1,0.5,0.8,1.8,0.455,0.471,0.1,0.1,0.5,0.7,1.4,2.1,0.5,0.3,0.2,0.4,0.9,1.9,-3.1
97,Ahmad Caver,PG,25,IND,1,0,1,1,1,1,0,0,,1,1,1,1,0,0,,0,0,0,0,0,0,0,0,2,36.6
98,Justin Champagnie,SF,20,TOR,31,0,8.2,0.9,1.9,0.483,0.3,0.7,0.409,0.6,1.2,0.526,0.558,0.3,0.3,1,1.2,0.9,2.1,0.3,0.2,0.1,0.2,1,2.5,-1.8
99,Zylan Cheatham,SF,26,UTA,1,0,5,0,3,0,0,2,0,0,1,0,0,0,0,,0,0,0,0,0,0,0,0,0,-30.2
100,Chris Chiozza,PG,26,GSW,26,1,10.7,0.7,2.5,0.292,0.6,1.7,0.372,0.1,0.8,0.136,0.415,0,0,1,0.3,0.8,1.2,1.8,0.3,0,0.8,0.9,2.1,-5.5
101,Marquese Chriss,PF,24,DAL,23,0,11.1,2.1,4.4,0.475,0.3,0.9,0.333,1.8,3.5,0.513,0.51,0.5,0.8,0.632,1,2.5,3.5,0.5,0.5,0.4,0.7,2.1,5,-3.4
102,Josh Christopher,SG,20,HOU,50,2,16.5,2.8,6.2,0.452,0.8,2.4,0.322,2,3.8,0.534,0.515,1,1.3,0.773,0.7,1.4,2.1,1.7,0.8,0.1,1.4,1.1,7.4,-3
103,Gary Clark,PF,27,NOP,27,1,10.9,0.9,2.5,0.358,0.8,2.1,0.375,0.1,0.4,0.273,0.515,0.2,0.3,0.75,0.6,2,2.6,0.4,0.4,0.3,0.2,0.6,2.8,-0.4
104,Brandon Clarke,PF,25,MEM,45,1,19.3,4.5,7,0.648,0.1,0.4,0.211,4.4,6.6,0.676,0.654,1.4,2,0.697,2.1,3.4,5.5,1.4,0.6,1.1,0.5,1.8,10.5,4.7
105,Jordan Clarkson,SG,29,UTA,55,1,26.4,5.6,13.9,0.403,2.5,7.9,0.32,3.1,6,0.514,0.494,1.7,2.1,0.832,0.8,2.6,3.3,2.4,0.7,0.2,1.6,1.9,15.5,-0.9
106,Nic Claxton,C,22,BRK,25,18,21.2,4,6.2,0.639,0,0,,4,6.2,0.639,0.639,1.2,2.1,0.566,2.2,3.4,5.6,0.8,0.5,1.1,0.7,2.2,9.1,-0.1
107,Amir Coffey,SG,24,LAC,48,20,22.2,2.8,6.1,0.459,1.4,3.6,0.38,1.4,2.5,0.57,0.57,1.5,1.6,0.886,0.5,2.5,3,1.6,0.5,0.2,0.6,1.3,8.4,0.4
108,John Collins,PF,24,ATL,50,50,31.3,6.5,12.1,0.537,1.2,3.2,0.388,5.3,8.9,0.591,0.588,2.5,3.2,0.794,1.8,6.1,7.9,1.9,0.6,1.1,1.1,3.1,16.8,1.9
109,Zach Collins,PF,24,SAS,5,0,16.4,2.4,5.4,0.444,0.6,1.4,0.429,1.8,4,0.45,0.5,0.4,0.8,0.5,1.6,3.6,5.2,2.2,0.8,0.4,1.6,2.2,5.8,-2.5
110,Darren Collison,PG,34,LAL,3,0,12.3,0.7,2.3,0.286,0,1,0,0.7,1.3,0.5,0.286,0,0,,0,1.3,1.3,0.7,0.3,0,0.3,1.7,1.3,-11
111,Mike Conley,PG,34,UTA,52,52,28.3,4.8,10.9,0.438,2.4,5.8,0.41,2.4,5.2,0.47,0.547,1.9,2.3,0.838,0.6,2.5,3.1,5.3,1.2,0.3,1.7,1.9,13.8,3.4
112,Pat Connaughton,SG,29,MIL,54,18,27,3.6,7.7,0.467,2.3,5.7,0.407,1.3,2,0.639,0.618,0.6,0.7,0.811,0.7,3.7,4.4,1.2,0.9,0.3,0.6,1.4,10.1,1.1
113,Tyler Cook,PF,24,CHI,19,2,10.3,1.2,1.9,0.611,0,0,,1.2,1.9,0.611,0.611,1.1,1.6,0.645,0.8,1.9,2.7,0.2,0.2,0.2,0.4,1.4,3.4,-3.7
114,Sharife Cooper,PG,20,ATL,11,0,3.2,0.3,1.3,0.214,0.1,0.5,0.167,0.2,0.7,0.25,0.25,0,0,,0,0.5,0.5,0.5,0,0,0.5,0.1,0.6,-17.3
115,Petr Cornelie,PF,26,DEN,13,0,2.9,0.4,1.2,0.333,0.1,0.6,0.125,0.3,0.5,0.571,0.367,0.2,0.3,0.75,0.5,0.5,1.1,0.2,0.1,0.1,0.3,0.5,1.1,-8.7
116,DeMarcus Cousins,C,31,TOT,25,5,15.7,2.8,6.8,0.414,0.7,2.6,0.273,2.1,4.1,0.505,0.467,1.8,2.3,0.776,1.6,4.3,5.9,1.1,0.8,0.4,1.4,2.8,8.1,-2.7
117,Robert Covington,PF-SF,31,TOT,55,40,28.5,2.7,6.8,0.391,1.6,4.6,0.34,1.1,2.2,0.496,0.505,0.7,0.9,0.816,0.9,4.6,5.5,1.4,1.5,1.2,1.2,2.7,7.6,-0.8
118,Torrey Craig,SF,31,TOT,54,14,20.2,2.6,5.5,0.463,0.9,2.7,0.336,1.6,2.8,0.586,0.545,0.5,0.7,0.75,1.1,2.7,3.9,1.1,0.5,0.4,0.8,1.9,6.5,-1.8
119,Jae Crowder,PF,31,PHO,48,48,28.2,3.1,7.8,0.395,1.8,5.2,0.337,1.3,2.6,0.512,0.508,1,1.2,0.81,0.5,4.8,5.3,1.5,1.3,0.5,0.8,2.4,8.9,0.6
120,Jarrett Culver,SG,22,MEM,27,0,9.2,1.5,3.6,0.417,0.4,1.2,0.303,1.1,2.3,0.476,0.469,0.4,0.9,0.522,0.4,1.1,1.4,1,0.6,0.1,0.5,1.1,3.8,-2.6
121,Jarron Cumberland,SG,24,POR,3,0,4,0.3,0.7,0.5,0,0.3,0,0.3,0.3,1,0.5,0,0,,0.3,0.7,1,0.3,0,0,0,0.7,0.7,-6.3
122,Cade Cunningham,PG,20,DET,44,44,31.8,6,15.2,0.394,2,6.2,0.327,4,9,0.439,0.46,1.8,2,0.856,0.9,4.5,5.5,5.2,1.3,0.7,3.5,3,15.7,-2.4
123,Seth Curry,SG,31,TOT,48,48,34.7,5.8,11.9,0.485,2.3,5.7,0.41,3.4,6.2,0.554,0.583,1.4,1.5,0.878,0.4,3,3.4,4.1,0.8,0.2,1.9,2.2,15.2,-0.9
124,Stephen Curry,PG,33,GSW,54,54,34.8,8.4,19.6,0.427,4.6,12.3,0.379,3.7,7.3,0.509,0.546,4.4,4.8,0.919,0.6,4.7,5.3,6.3,1.4,0.4,3.2,2.1,25.8,6
125,Anthony Davis,C,28,LAL,37,37,35.1,9.2,17.2,0.537,0.3,1.8,0.182,8.9,15.4,0.578,0.546,4.4,6.1,0.709,2.8,6.9,9.7,2.9,1.2,2.3,2.1,2.5,23.1,3.9
126,Ed Davis,C,32,CLE,19,3,7.5,0.5,0.7,0.643,0,0,,0.5,0.7,0.643,0.643,0.2,0.4,0.375,0.4,1.9,2.3,0.3,0.2,0.4,0.3,1.4,1.1,-1.8
127,Terence Davis,SG,24,SAC,30,11,17.9,3.8,8.9,0.423,1.6,5,0.329,2.1,3.9,0.542,0.515,1.2,1.5,0.818,0.4,2.8,3.1,1.3,0.8,0.4,1.1,2.3,10.4,-0.8
128,Gabriel Deck,PF,26,OKC,7,0,8,1.1,2,0.571,0.3,0.6,0.5,0.9,1.4,0.6,0.643,0,0,,0.1,0.7,0.9,0.7,0.1,0,0.3,0.3,2.6,-2.6
129,Dewayne Dedmon,C,32,MIA,50,15,16.4,2.6,4.5,0.58,0.3,0.6,0.516,2.3,3.9,0.591,0.616,1.1,1.4,0.778,1.8,4.3,6.1,0.7,0.4,0.5,1.1,2.4,6.6,-0.3
130,Sam Dekker,PF,27,TOR,1,0,1,0,0,,0,0,,0,0,,,0,0,,0,0,0,0,0,0,0,0,0,-9.4
131,Javin DeLaurier,C,23,MIL,1,0,3,0,0,,0,0,,0,0,,,0,0,,0,1,1,0,1,0,0,1,0,7
132,DeMar DeRozan,PF,32,CHI,55,55,35.6,10.3,19.9,0.517,0.6,1.8,0.343,9.7,18.1,0.535,0.533,6.9,8,0.866,0.8,4.4,5.2,5.1,0.9,0.3,2.3,2.2,28.1,3.3
133,Mamadi Diakite,PF,25,OKC,13,3,14.5,1.9,3.6,0.532,0,0.4,0,1.9,3.2,0.595,0.532,0.5,0.8,0.545,1.3,3.2,4.5,0.2,0.4,0.7,0.5,2.5,4.3,-4.8
134,Cheick Diallo,C,25,DET,3,0,10.3,1,2.7,0.375,0,0,,1,2.7,0.375,0.375,1.7,2,0.833,1.3,2.7,4,0,0.3,0,0.3,2,3.7,-7.8
135,Hamidou Diallo,SG,23,DET,51,29,22.6,4.5,9.2,0.494,0.4,1.6,0.241,4.2,7.6,0.548,0.515,1.6,2.4,0.65,1.2,3.7,4.9,1.3,1.2,0.3,1,2.6,11.1,-0.9
136,Gorgui Dieng,C,32,ATL,37,3,9,1.2,2.6,0.479,0.6,1.5,0.426,0.6,1.1,0.548,0.599,0.5,0.6,0.708,0.9,2.2,3,0.8,0.3,0.4,0.5,1.2,3.6,1.7
137,Spencer Dinwiddie,PG,28,TOT,46,44,30.1,4.1,10.9,0.378,1.5,5,0.307,2.6,5.9,0.439,0.449,2.5,3.2,0.785,0.8,3.8,4.6,5.7,0.6,0.2,1.6,2.4,12.3,-1
138,Donte DiVincenzo,SG,25,TOT,20,0,20.8,2.4,7.3,0.322,1.3,4.6,0.272,1.1,2.7,0.407,0.408,1.6,1.8,0.886,1,2.7,3.7,2.1,0.9,0.2,1.5,1.4,7.5,-4.3
139,Luka Dončić,PG,22,DAL,44,44,35.4,9.7,21.7,0.449,2.8,8.3,0.335,7,13.4,0.52,0.513,5.3,7.3,0.731,0.9,8.3,9.2,9,1.1,0.5,4.4,2.4,27.5,7.7
140,Luguentz Dort,SF,22,OKC,51,51,32.6,5.7,14.2,0.404,2.5,7.7,0.332,3.2,6.6,0.487,0.493,3.2,3.7,0.843,0.7,3.4,4.2,1.7,0.9,0.4,1.7,2.9,17.2,-2.1
141,Ayo Dosunmu,SG,22,CHI,54,20,25.9,3.2,6.2,0.523,0.9,2.3,0.407,2.3,3.9,0.59,0.598,0.8,1.1,0.677,0.3,2.5,2.8,3.1,0.7,0.4,1.2,2.2,8.1,-1.6
142,Damyean Dotson,SG,27,NYK,2,0,10.5,1,2,0.5,0,0.5,0,1,1.5,0.667,0.5,0,0,,0,1,1,0.5,0,0,0,0,2,-5.1
143,Devon Dotson,PG,22,CHI,11,0,7.7,1,2.1,0.478,0.2,0.8,0.222,0.8,1.3,0.643,0.522,0.5,0.8,0.556,0.1,0.7,0.8,1.4,0.1,0,0.5,1,2.6,-4.7
144,Sekou Doumbouya,PF,21,LAL,2,0,8,2.5,4,0.625,0.5,1,0.5,2,3,0.667,0.688,1.5,2,0.75,1,2,3,0,1.5,1,1,0.5,7,19
145,Jeff Dowtin,PG,24,TOT,5,0,6.2,0.6,1.4,0.429,0,0.4,0,0.6,1,0.6,0.429,0,0,,0.2,1.2,1.4,0.6,0,0.2,0.2,0.4,1.2,-5.5
146,PJ Dozier,SG,25,DEN,18,0,18.9,2,5.5,0.364,0.8,2.7,0.313,1.2,2.8,0.412,0.439,0.6,0.7,0.769,0.8,2.7,3.5,1.6,0.6,0.3,0.7,1.8,5.4,-2
147,Goran Dragić,PG,35,TOR,5,2,18,2.6,6.8,0.382,0.8,2.8,0.286,1.8,4,0.45,0.441,2,2,1,0.4,2.4,2.8,1.8,1,0.2,0.2,1.6,8,1.9
148,Andre Drummond,C,28,TOT,52,15,18.6,2.7,5.1,0.53,0,0,0,2.7,5,0.534,0.53,0.9,1.8,0.495,2.8,6.2,9,2,1.2,0.9,1.6,2.5,6.3,1.2
149,Chris Duarte,SG,24,IND,50,38,28.7,5,11.5,0.435,1.7,4.8,0.364,3.3,6.7,0.485,0.51,1.7,2.1,0.792,0.7,3.4,4.1,2.2,1,0.2,1.7,1.7,13.4,-1.8
150,David Duke Jr.,PG,22,BRK,19,7,16.4,1.9,5.2,0.367,0.5,1.8,0.257,1.4,3.3,0.429,0.413,0.8,1,0.842,1.6,1.8,3.4,0.8,0.6,0.4,0.4,1.7,5.1,-3.5
151,Kevin Durant,PF,33,BRK,36,36,36.5,10.5,20.3,0.52,1.9,5,0.372,8.7,15.3,0.568,0.566,6.3,7.1,0.894,0.6,6.9,7.4,5.8,0.8,0.9,3,1.9,29.3,7.4
152,Jaime Echenique,C,24,WAS,1,0,3,0,0,,0,0,,0,0,,,0,0,,0,0,0,0,0,0,0,0,0,-8.2
153,Anthony Edwards,SG,20,MIN,53,53,34.6,7.8,18,0.435,3.1,8.7,0.355,4.8,9.3,0.51,0.521,3.1,4,0.776,0.9,3.9,4.8,3.6,1.5,0.7,2.8,2.3,21.9,1.1
154,Kessler Edwards,SF,21,BRK,28,20,24.6,2.5,6.4,0.394,1.1,3.3,0.33,1.5,3.2,0.461,0.478,0.3,0.4,0.8,1,3.2,4.3,0.6,0.8,0.6,1,2,6.4,-4.6
155,Rob Edwards,SG,25,OKC,2,0,5.5,0.5,2,0.25,0.5,2,0.25,0,0,,0.375,0,0,,0,1.5,1.5,0,0,0,0.5,0,1.5,-11.2
156,CJ Elleby,SF,21,POR,35,7,15.1,1.6,4.1,0.392,0.5,1.8,0.29,1.1,2.3,0.469,0.455,0.6,0.7,0.808,0.9,2.1,2.9,1.1,0.5,0.2,0.5,1.6,4.3,-3.8
157,Wayne Ellington,SG,34,LAL,35,9,18.9,2.1,5.3,0.392,1.9,4.8,0.385,0.2,0.5,0.471,0.567,0.1,0.1,0.8,0.3,1.5,1.7,0.7,0.5,0.1,0.4,1,6.1,-1.8
158,Joel Embiid,C,27,PHI,46,46,32.9,9.5,19.3,0.495,1.3,3.7,0.369,8.2,15.6,0.524,0.53,9.2,11.3,0.813,2,9.2,11.2,4.5,1,1.4,3,2.6,29.6,9.9
159,James Ennis III,SF,31,TOT,7,0,8,1.6,3.4,0.458,0.4,1.1,0.375,1.1,2.3,0.5,0.521,0.6,0.7,0.8,0.7,1,1.7,0.4,0.3,0.3,0.3,0.7,4.1,-1
160,Drew Eubanks,C,24,SAS,49,9,12.1,1.7,3.2,0.528,0,0.2,0.125,1.7,3.1,0.55,0.531,1.2,1.6,0.747,1.3,2.7,4,1,0.3,0.6,0.9,1.2,4.7,-1.3
161,Tacko Fall,C,26,CLE,11,1,5.4,0.5,1.1,0.417,0,0,,0.5,1.1,0.417,0.417,0.2,0.6,0.286,0.6,1.5,2.1,0.2,0,0.5,0.3,0.3,1.1,-3.3
162,Derrick Favors,C,30,OKC,38,17,16.7,2.4,4.7,0.517,0.1,0.4,0.125,2.4,4.3,0.556,0.522,0.4,0.6,0.609,1.5,3.2,4.8,0.6,0.4,0.3,0.2,1.6,5.3,-2.2
163,Bruno Fernando,C,23,TOT,22,0,3.2,0.5,1,0.5,0,0.1,0.5,0.5,0.9,0.5,0.523,0.3,0.4,0.75,0.5,0.5,1,0.2,0,0.1,0.3,0.4,1.3,-4.9
164,Dorian Finney-Smith,PF,28,DAL,58,58,32.9,3.7,8.4,0.442,1.9,5.1,0.372,1.8,3.3,0.55,0.555,0.8,1.1,0.682,1.6,3.2,4.8,1.9,1.2,0.5,1.1,2.3,10.1,0.3
165,Malik Fitts,PF,24,UTA,7,0,5,0.3,1.3,0.222,0.3,0.6,0.5,0,0.7,0,0.333,0,0,,0,1.4,1.4,0,0,0,0.3,0.4,0.9,-9.8
166,Malachi Flynn,PG,23,TOR,34,1,9,1.1,3.1,0.355,0.5,1.6,0.291,0.6,1.5,0.423,0.43,0.2,0.3,0.667,0.2,0.9,1.1,1.1,0.4,0.1,0.3,0.9,2.9,-3.4
167,Bryn Forbes,SG,28,TOT,55,1,17.8,3.4,7.8,0.438,1.6,3.9,0.421,1.8,3.9,0.455,0.543,1.1,1.2,0.906,0.1,1.3,1.5,1.1,0.4,0.1,0.8,1.2,9.5,-2.4
168,Aleem Ford,SF,24,ORL,5,0,14.8,1.2,4,0.3,0.4,3,0.133,0.8,1,0.8,0.35,0,0,,0.4,2.6,3,0.4,0.2,0,0.8,1.4,2.8,-11.3
169,Trent Forrest,PG,23,UTA,46,4,12.2,1.3,2.4,0.532,0.1,0.4,0.222,1.2,2,0.593,0.55,0.6,0.8,0.806,0.4,1.3,1.7,1.5,0.5,0.1,0.8,0.7,3.2,-0.8
170,Evan Fournier,SG,29,NYK,57,57,29.5,5.2,12.3,0.424,3,7.6,0.394,2.2,4.8,0.471,0.545,1.1,1.5,0.723,0.5,2.4,2.9,1.9,1,0.3,1.4,2.1,14.5,-0.8
171,De'Aaron Fox,PG,24,SAC,48,48,34.4,8.2,17.6,0.464,1,3.8,0.271,7.1,13.8,0.517,0.493,4.4,5.9,0.754,0.5,3.4,3.9,5.1,1.1,0.4,2.8,2.9,21.8,-1.4
172,Tim Frazier,PG,31,ORL,10,3,20,1.3,4.3,0.302,0.6,1.7,0.353,0.7,2.6,0.269,0.372,0.5,0.9,0.556,0.5,1.4,1.9,3.3,0.3,0.1,1.3,2.4,3.7,-8
173,Enes Freedom,C,29,BOS,35,1,11.7,1.5,2.8,0.526,0.1,0.1,0.4,1.4,2.6,0.533,0.536,0.7,0.8,0.857,1.7,2.8,4.6,0.2,0.1,0.4,0.6,1.2,3.7,-1.6
174,Wenyen Gabriel,PF,24,TOT,7,0,6.7,0.7,1.9,0.385,0.3,0.7,0.4,0.4,1.1,0.375,0.462,0.3,0.6,0.5,0.7,1.4,2.1,0.3,0.1,0.3,0.4,1.6,2,-7.4
175,Daniel Gafford,C,23,WAS,49,46,20.4,3.7,5.6,0.673,0,0,,3.7,5.6,0.673,0.673,1.3,1.8,0.75,2.3,3.7,6,1,0.4,1.5,0.9,2.4,8.8,1.9
176,Danilo Gallinari,PF,33,ATL,47,4,23.4,3.3,7.9,0.418,1.6,4,0.395,1.7,3.9,0.443,0.519,2.3,2.6,0.917,0.6,3.8,4.4,1.4,0.5,0.2,0.6,1.4,10.6,-0.3
177,Langston Galloway,SG,30,TOT,7,0,15.3,0.9,3.7,0.231,0.3,2.3,0.125,0.6,1.4,0.4,0.269,0,0,,0.4,2.1,2.6,1.7,0.1,0,0.9,1,2,-9.8
178,Darius Garland,PG,22,CLE,47,47,34.6,7.8,16.3,0.477,2.6,6.8,0.378,5.2,9.5,0.547,0.555,2.2,2.4,0.911,0.5,2.8,3.3,8,1.2,0.1,3.7,1.7,20.3,2.5
179,Marcus Garrett,SG,23,MIA,12,0,10.7,0.4,1.8,0.238,0.1,0.3,0.25,0.3,1.4,0.235,0.262,0.2,0.4,0.4,0.8,1.2,1.9,0.6,0.4,0.3,0.2,1.3,1.1,-5.3
180,Usman Garuba,PF,19,HOU,15,0,7,0.5,1.6,0.333,0.1,0.9,0.154,0.4,0.7,0.545,0.375,0.1,0.1,0.5,0.6,1.7,2.3,0.5,0.5,0.4,0.2,0.6,1.3,-0.5
181,Luka Garza,C,23,DET,29,5,11.7,1.9,4.3,0.444,0.5,1.4,0.341,1.4,2.9,0.494,0.5,0.9,1.4,0.643,1.7,1.3,3,0.6,0.3,0.1,0.6,1.7,5.2,-3.4
182,Rudy Gay,PF,35,UTA,35,1,20,3.1,7.3,0.418,1.4,4.1,0.34,1.7,3.2,0.518,0.514,1.4,1.8,0.79,1,3.6,4.6,1.1,0.6,0.3,0.9,1.9,8.9,-0.1
183,Paul George,SF,31,LAC,26,26,35.5,9,21.4,0.421,2.7,8.3,0.323,6.3,13,0.484,0.484,4,4.5,0.88,0.4,6.7,7.1,5.5,2,0.4,4.2,2.5,24.7,3
184,Taj Gibson,C,36,NYK,39,4,18.3,1.5,2.9,0.526,0.2,0.6,0.364,1.3,2.4,0.565,0.561,0.6,0.8,0.758,1.6,2.8,4.5,0.6,0.4,0.8,0.6,2.8,3.9,-2.9
185,Josh Giddey,SG,19,OKC,53,53,31.4,5.2,12.4,0.418,1.1,4,0.267,4.1,8.4,0.49,0.461,1,1.5,0.705,1.8,6,7.8,6.4,0.9,0.4,3.2,1.6,12.4,-0.9
186,Shai Gilgeous-Alexander,PG,23,OKC,43,43,34.6,7.8,18.3,0.424,1.6,5.6,0.278,6.2,12.7,0.488,0.466,5.6,6.9,0.811,0.7,4,4.7,5.5,1.1,0.8,2.4,2.3,22.7,2.7
187,Anthony Gill,PF,29,WAS,26,0,8.7,1.3,2,0.623,0.3,0.4,0.636,1,1.6,0.619,0.689,0.8,1.1,0.714,0.7,0.8,1.5,0.5,0.2,0.2,0.4,1.5,3.6,-1.8
188,Freddie Gillespie,PF,24,ORL,9,2,13.2,1,2.4,0.409,0,0.1,0,1,2.3,0.429,0.409,0.3,0.8,0.429,1.4,2.6,4,0.6,0.3,1,0.6,2,2.3,-4.6
189,Rudy Gobert,C,29,UTA,44,44,32.1,5.6,7.9,0.711,0,0,0,5.6,7.8,0.715,0.711,4.5,6.5,0.689,3.5,11.3,14.8,1.2,0.8,2.3,1.8,2.7,15.7,5.3
190,Brandon Goodwin,PG,26,CLE,16,3,15.9,2.1,5.3,0.388,0.8,2,0.375,1.3,3.3,0.396,0.459,0.4,0.9,0.5,0.4,1.9,2.4,3.1,1,0,1.1,1.4,5.3,-1
191,Jordan Goodwin,SG,23,WAS,2,0,3,0,1.5,0,0,0.5,0,0,1,0,0,0,0,,0,0.5,0.5,0,0,0,0,0.5,0,-33.9
192,Aaron Gordon,PF,26,DEN,53,53,31.8,5.6,10.9,0.516,1.2,3.5,0.333,4.5,7.4,0.604,0.57,2.1,2.8,0.735,1.7,4.1,5.8,2.6,0.7,0.5,1.8,1.9,14.5,-0.1
193,Eric Gordon,SG,33,HOU,47,36,29.7,5,10.5,0.482,2.3,5.4,0.417,2.8,5.1,0.55,0.589,1.9,2.6,0.758,0.3,1.7,2,3,0.5,0.4,2,1.1,14.3,-1.8
194,Devonte' Graham,PG,26,NOP,55,54,30.7,4.3,11.9,0.36,2.8,8.1,0.342,1.5,3.7,0.4,0.478,1.6,1.9,0.841,0.5,2.1,2.6,4.4,0.9,0.1,1.5,1.5,13,-1.4
195,Jerami Grant,PF,27,DET,33,33,32.2,6.3,15.1,0.416,1.8,5.2,0.339,4.5,9.9,0.456,0.474,4.7,5.6,0.842,0.7,3.6,4.3,2.5,1,1.1,2,2.2,19,0.4
196,Hassani Gravett,PG,25,ORL,8,3,21.4,2.3,4.8,0.474,1.4,3.3,0.423,0.9,1.5,0.583,0.618,0.4,0.5,0.75,0.1,2.5,2.6,2.5,0.6,0.1,1.1,1.6,6.3,-2.2
197,Danny Green,SF,34,PHI,40,25,23,2.2,5.6,0.399,1.8,4.7,0.376,0.5,0.9,0.514,0.556,0.2,0.3,0.9,0.5,1.9,2.4,1,1,0.7,0.9,1.7,6.4,-0.7
198,Draymond Green,PF,31,GSW,34,34,29.9,3.2,5.9,0.537,0.4,1.2,0.286,2.8,4.7,0.604,0.567,1.2,2,0.597,1.1,6.4,7.6,7.4,1.4,1.2,3.1,2.8,7.9,3.9
199,Jalen Green,SG,19,HOU,43,43,30.4,4.9,12.6,0.387,1.9,6.2,0.311,2.9,6.3,0.462,0.464,2.9,3.6,0.818,0.4,2.7,3.1,2.3,0.6,0.2,2.2,1.6,14.6,-4.9
200,JaMychal Green,PF,31,DEN,45,7,14.9,2.3,5,0.451,0.6,2.2,0.265,1.7,2.8,0.594,0.509,1.2,1.4,0.869,1,2.7,3.7,0.8,0.7,0.4,0.9,2.2,6.3,-1.6
201,Javonte Green,SF,28,CHI,42,31,24.2,2.8,5.2,0.546,0.5,1.5,0.349,2.3,3.7,0.626,0.596,1.5,1.8,0.824,1.6,2.8,4.4,1.1,0.9,0.5,0.6,2.1,7.6,-0.2
202,Jeff Green,C,35,DEN,54,42,24.5,3.7,7.3,0.51,0.8,2.4,0.323,3,4.9,0.602,0.563,2.1,2.6,0.827,0.6,2.6,3.1,1.2,0.3,0.4,0.9,2.1,10.4,-2.5
203,Josh Green,SG,21,DAL,44,2,14.4,1.8,3.5,0.503,0.3,0.9,0.308,1.5,2.6,0.569,0.542,0.6,0.8,0.714,0.7,1.5,2.2,1.3,0.7,0.2,0.5,1.7,4.4,-0.3
204,Blake Griffin,PF,32,BRK,48,24,18.2,2.5,6,0.42,0.6,2.7,0.24,1.9,3.3,0.567,0.474,1.1,1.5,0.729,1.2,3.2,4.4,2,0.5,0.3,0.5,1.8,6.7,-0.7
205,Quentin Grimes,SG,21,NYK,39,6,17.8,2.3,5.4,0.421,1.7,4.3,0.398,0.6,1.1,0.512,0.579,0.3,0.4,0.647,0.6,1.4,2,1,0.7,0.3,0.6,1.5,6.5,-0.1
206,Kyle Guy,SG,24,MIA,15,0,11.7,1.7,4,0.433,0.9,2.3,0.4,0.8,1.7,0.48,0.55,0.5,0.7,0.7,0.1,0.7,0.9,1.1,0.5,0.1,0.8,0.8,4.9,-2.1
207,Rui Hachimura,PF,23,WAS,18,0,18.3,3.3,7.3,0.455,1,2.2,0.462,2.3,5.2,0.452,0.523,1.2,1.6,0.786,0.4,2.9,3.3,1,0.6,0.3,0.7,0.9,8.9,-1.2
208,Tyrese Haliburton,SG-PG,21,TOT,55,55,34.8,5.4,11.7,0.46,2.1,5.1,0.417,3.2,6.6,0.493,0.551,1.8,2.2,0.833,0.7,3.2,3.9,7.7,1.7,0.6,2.3,1.4,14.7,2.7
209,Tyler Hall,SG,24,NYK,1,0,2,0,0,,0,0,,0,0,,,0,0,,0,0,0,0,0,0,0,0,0,-8.8
210,R.J. Hampton,SG,20,ORL,42,1,19.4,2.5,6.7,0.382,0.9,2.5,0.364,1.6,4.1,0.393,0.452,1.1,1.9,0.608,0.3,2.6,2.9,2.4,0.7,0.2,1.3,1.5,7.2,-3.4
211,Tim Hardaway Jr.,SG,29,DAL,42,20,29.6,5,12.6,0.394,2.4,7.2,0.336,2.5,5.4,0.473,0.491,1.9,2.5,0.757,0.3,3.4,3.7,2.2,0.9,0.1,0.8,1.8,14.2,-0.1
212,James Harden,PG,32,BRK,44,44,37,6.6,16,0.414,2.3,7,0.332,4.3,9.1,0.476,0.486,6.9,8,0.869,1,7,8,10.2,1.3,0.7,4.8,2.4,22.5,4.1
213,Maurice Harkless,SF,28,SAC,41,22,19.9,1.9,4.2,0.454,0.7,2.4,0.309,1.2,1.9,0.636,0.54,0.5,0.7,0.714,0.3,2.3,2.6,0.5,0.7,0.6,0.7,1.7,5.1,-3.2
214,Jared Harper,PG,24,NOP,2,0,5,1.5,3.5,0.429,0.5,1,0.5,1,2.5,0.4,0.5,0,0,,0.5,0,0.5,1.5,0,0.5,0.5,1,3.5,3.4
215,Montrezl Harrell,C,28,TOT,50,3,24.9,5.5,8.5,0.646,0.1,0.3,0.267,5.4,8.2,0.659,0.65,3.3,4.6,0.713,2.2,4.6,6.8,2,0.4,0.7,1.1,2,14.4,4.6
216,Gary Harris,SG,27,ORL,52,30,29.4,4.1,9.4,0.441,1.9,5,0.38,2.3,4.4,0.509,0.541,1.3,1.5,0.848,0.6,1.5,2.1,1.9,0.9,0.2,1.1,1.9,11.4,-2.8
217,Joe Harris,SF,30,BRK,14,14,30.2,4,8.9,0.452,2.9,6.3,0.466,1.1,2.6,0.417,0.617,0.4,0.4,0.833,0.4,3.6,4,1,0.5,0.1,1.1,2.2,11.3,-1.5
218,Tobias Harris,PF,29,PHI,49,49,35.3,7.3,15,0.484,1.2,3.4,0.345,6.1,11.7,0.524,0.523,2.9,3.4,0.851,1.1,6.2,7.3,3.7,0.6,0.7,1.8,2,18.7,0.5
219,Shaquille Harrison,SG,28,BRK,2,0,11.5,1,3,0.333,0,1,0,1,2,0.5,0.333,0,0,,0.5,1.5,2,1.5,0.5,0.5,1,1.5,2,-8.2
220,Josh Hart,PF-SG,26,TOT,44,43,33.7,5,9.7,0.514,1.2,3.4,0.351,3.8,6.3,0.604,0.576,2.9,3.9,0.754,1.3,6.3,7.6,4.1,1.1,0.3,2.1,2.9,14.1,0.9
221,Isaiah Hartenstein,C,23,LAC,47,0,16.1,3.1,5,0.621,0.1,0.2,0.444,3,4.8,0.628,0.63,1.1,1.7,0.667,1.5,2.9,4.4,1.9,0.7,1.1,1.1,2.4,7.4,3.8
222,Udonis Haslem,C,41,MIA,9,0,6.3,1.2,2.4,0.5,0.1,0.2,0.5,1.1,2.2,0.5,0.523,0.3,0.3,1,0.4,1.6,2,0.3,0.1,0.1,0.3,1.2,2.9,-2.4
223,Sam Hauser,SF,24,BOS,11,0,4.9,0.6,1.7,0.368,0.6,1.7,0.368,0,0,,0.553,0,0,,0.1,0.5,0.6,0.4,0.1,0.1,0,0.4,1.9,1.9
224,Jaxson Hayes,C,21,NOP,47,5,17,3.3,5.1,0.647,0.1,0.6,0.269,3.1,4.5,0.693,0.662,2,2.6,0.767,1.4,2.5,3.9,0.5,0.4,0.7,0.7,2.3,8.7,0.3
225,Killian Hayes,PG,20,DET,46,33,24.4,2.3,6.4,0.361,0.7,2.5,0.274,1.7,4,0.415,0.414,0.9,1.1,0.816,0.5,2.4,2.9,4.1,1,0.5,1.7,2.7,6.2,-4.4
226,Gordon Hayward,SF,31,CHO,48,48,32.2,5.9,12.7,0.46,1.8,4.5,0.39,4.1,8.2,0.499,0.529,2.6,3.1,0.846,0.8,3.8,4.6,3.6,1,0.5,1.7,1.8,16.1,-0.7
227,Aaron Henry,SF,22,PHI,6,0,2.8,0.2,0.8,0.2,0,0.2,0,0.2,0.7,0.25,0.2,0,0,,0,0.2,0.2,0,0,0.3,0.3,0.3,0.3,-16.5
228,Juancho Hernangómez,PF,26,TOT,25,0,6.1,0.3,1.4,0.235,0.2,0.9,0.182,0.2,0.5,0.333,0.294,0.4,0.5,0.692,0.5,1.1,1.6,0.2,0.2,0.1,0.4,0.3,1.2,-6.3
229,Willy Hernangómez,C,27,NOP,31,6,16.3,3.4,6.4,0.533,0.1,0.2,0.429,3.3,6.1,0.537,0.541,2,2.7,0.747,2.6,4.2,6.9,1.3,0.4,0.3,1,1.9,8.9,1
230,Tyler Herro,SG,22,MIA,46,10,32.7,7.4,17.3,0.427,2.5,6.7,0.374,4.9,10.6,0.461,0.5,2.7,3.1,0.879,0.6,4.2,4.8,3.9,0.6,0.2,2.8,1.5,20,-0.6
231,Buddy Hield,SG,29,TOT,59,10,29.3,5,12.9,0.389,3.3,9.1,0.366,1.7,3.8,0.442,0.518,1.4,1.6,0.866,0.8,3.4,4.2,2.1,0.8,0.3,1.6,2.1,14.8,-1.1
232,Haywood Highsmith,SF,25,MIA,6,0,11.8,1.3,3.5,0.381,1,2.5,0.4,0.3,1,0.333,0.524,0,0.3,0,0.5,1,1.5,0,0,0.2,0.2,1,3.7,-4.1
233,George Hill,SG,35,MIL,41,16,25.5,2.5,5.7,0.436,0.9,2.9,0.316,1.6,2.9,0.556,0.515,1.2,1.2,0.96,0.9,2.4,3.2,2.5,0.8,0.1,0.9,1.4,7,-1.3
234,Malcolm Hill,SF-SG,26,TOT,16,0,12.3,1.4,3,0.479,0.8,2.1,0.394,0.6,0.9,0.667,0.615,0.7,0.9,0.786,0.7,1.3,2,0.3,0.4,0.2,0.1,1.3,4.4,-1.3
235,Solomon Hill,PF,30,ATL,13,1,10.7,0.2,1.5,0.15,0.2,1,0.154,0.1,0.5,0.143,0.2,0,0,,0.5,1.3,1.8,0.9,0.3,0.2,0.1,1.2,0.6,-4
236,Nate Hinton,SG,22,IND,2,0,1,0,0.5,0,0,0,,0,0.5,0,0,0,0,,0,0,0,0,0,0,0.5,0,0,-42.4
237,Jaylen Hoard,SF,22,OKC,1,0,2,0,1,0,0,0,,0,1,0,0,0,0,,1,1,2,0,0,0,0,0,0,-13
238,Aaron Holiday,PG,25,TOT,44,14,16,2.5,5.2,0.48,0.6,1.7,0.37,1.9,3.5,0.532,0.54,0.6,0.8,0.8,0.2,1.4,1.7,2,0.6,0.2,1,1.5,6.2,-1.8
239,Jrue Holiday,PG,31,MIL,47,44,33,7.2,14.2,0.507,1.9,4.6,0.407,5.3,9.6,0.554,0.572,1.9,2.5,0.759,1,3.6,4.6,6.6,1.5,0.5,2.7,2,18.1,3
240,Justin Holiday,SF-SG,32,TOT,53,44,29.2,3.9,9.5,0.409,2.6,6.9,0.378,1.3,2.6,0.493,0.547,0.7,0.8,0.837,0.4,2.3,2.7,1.9,0.7,0.4,1,2.2,11,-1.7
241,Richaun Holmes,C,28,SAC,41,37,24.7,4.6,6.9,0.669,0,0.1,0.4,4.6,6.8,0.674,0.673,1.6,2.1,0.77,2.1,5.2,7.4,1.1,0.4,1,1.3,2.9,11,-0.2
242,Rodney Hood,SF-SG,29,TOT,41,0,14.5,1.1,3.2,0.348,0.6,2,0.3,0.5,1.3,0.423,0.439,0.3,0.3,0.929,0.3,1.3,1.7,0.8,0.3,0.1,0.2,0.7,3.1,-3.7
243,Scotty Hopson,SG,32,OKC,1,0,18,2,4,0.5,0,1,0,2,3,0.667,0.5,0,0,,0,1,1,1,0,0,2,1,4,-11.6
244,Al Horford,C,35,BOS,51,51,28.3,3.8,8.5,0.445,1.2,4,0.307,2.6,4.5,0.565,0.516,1.3,1.5,0.835,1.5,6,7.5,3.4,0.6,1.3,1,1.8,10.1,3.6
245,Talen Horton-Tucker,SG,21,LAL,42,15,25.9,3.6,8.7,0.41,0.8,3,0.273,2.7,5.7,0.483,0.458,1.5,1.9,0.8,0.6,2.7,3.4,2.7,0.9,0.6,1.5,2.5,9.5,-3.7
246,Danuel House Jr.,SF,28,TOT,26,2,15.5,1.8,4.6,0.392,0.8,2.4,0.349,1,2.2,0.439,0.483,1,1.3,0.818,0.3,2.2,2.5,1.2,0.4,0.3,0.9,1,5.5,-2.6
247,Dwight Howard,C,36,LAL,42,11,14.4,1.9,3,0.614,0.1,0.2,0.667,1.7,2.8,0.61,0.638,1.3,2.1,0.621,1.9,3.5,5.4,0.5,0.7,0.6,0.8,2,5.1,-0.1
248,Markus Howard,SG,22,DEN,22,0,6.1,1.2,3.3,0.37,1,2.4,0.434,0.2,0.9,0.2,0.527,0.6,0.6,0.929,0,0.3,0.3,0.3,0.3,0,0.3,0.5,4.1,-0.6
249,Kevin Huerter,SG,23,ATL,51,37,29,4.5,9.8,0.462,1.9,5.1,0.377,2.6,4.7,0.554,0.56,0.6,0.7,0.811,0.4,2.7,3.2,2.8,0.6,0.4,1.3,2.3,11.6,-1.5
250,Jay Huff,C,23,LAL,4,0,5,0,0.8,0,0,0.5,0,0,0.3,0,0,0,0,,0.3,0.8,1,0.3,0.3,0.3,0.3,0.3,0,-7.2
251,Elijah Hughes,SF-SG,23,TOT,17,1,9.1,1.1,3.1,0.34,0.6,2.3,0.282,0.4,0.8,0.5,0.443,0.2,0.2,1,0.2,1.2,1.5,0.5,0.2,0.2,0.5,0.7,2.9,-4.7
252,De'Andre Hunter,SF,24,ATL,30,29,29.1,4.8,10.8,0.448,1.4,3.7,0.382,3.4,7.1,0.481,0.512,2,2.7,0.72,0.5,2.9,3.4,1.2,0.6,0.4,1.4,3,13,-4
253,Chandler Hutchison,SF,25,PHO,6,0,3.7,0.2,0.3,0.5,0,0,,0.2,0.3,0.5,0.5,0.3,0.3,1,0,0.8,0.8,0.3,0,0,0.7,0.2,0.7,-8.4
254,Bones Hyland,PG,21,DEN,46,3,18,3,8,0.369,1.7,5,0.346,1.2,3.1,0.404,0.476,1.1,1.3,0.881,0.2,2.6,2.7,2,0.5,0.3,1.2,2.1,8.8,-3
255,Serge Ibaka,C-PF,32,TOT,38,11,16.2,2.7,5.5,0.488,0.7,1.8,0.377,2,3.7,0.543,0.55,0.6,0.8,0.688,1.1,3.3,4.4,1,0.2,0.7,0.9,1.7,6.6,-1.4
256,Andre Iguodala,SF,38,GSW,26,0,19.9,1.5,3.9,0.392,0.5,2.3,0.23,1,1.6,0.634,0.461,0.5,0.6,0.813,0.7,2.6,3.3,3.8,0.8,0.8,0.9,1,4.1,3.5
257,Joe Ingles,SF,34,UTA,45,15,24.9,2.6,6.3,0.404,1.7,5,0.347,0.8,1.3,0.617,0.54,0.4,0.5,0.773,0.3,2.6,2.9,3.5,0.5,0.1,1,1.8,7.2,-0.1
258,Brandon Ingram,SF,24,NOP,45,45,34.3,8.1,18.2,0.448,1.5,4.4,0.333,6.7,13.8,0.485,0.488,4.3,5.3,0.816,0.7,5,5.7,5.4,0.6,0.5,2.6,2.2,22.1,1.1
259,Kyrie Irving,PG,29,BRK,14,14,36.2,9.1,20.1,0.452,2.5,6.8,0.368,6.6,13.3,0.495,0.514,3.5,3.8,0.925,0.6,4.2,4.8,5.4,1.1,0.6,2.4,2.4,24.1,0.8
260,Wes Iwundu,SF,27,ATL,3,1,27.3,2.7,6,0.444,1,1.7,0.6,1.7,4.3,0.385,0.528,1,1.3,0.75,1,3.3,4.3,0,0.3,0,0.3,2.7,7.3,-6.6
261,Frank Jackson,PG,23,DET,43,5,22.5,3.8,9.3,0.41,1.8,5.5,0.319,2.1,3.8,0.543,0.505,1.4,1.8,0.795,0.3,1.3,1.6,1,0.5,0.2,0.8,1.7,10.9,-3.1
262,Isaiah Jackson,PF,20,IND,20,2,9.7,2.3,4.2,0.542,0.2,0.4,0.429,2.1,3.8,0.553,0.56,1.1,1.7,0.667,1.2,1.6,2.8,0.4,0.6,0.8,0.6,1.9,5.8,0.1
263,Jaren Jackson Jr.,PF,22,MEM,59,59,27.8,5.7,13.7,0.415,1.7,5.5,0.318,3.9,8.2,0.48,0.479,3.6,4.5,0.802,1.6,4.4,6,1.1,1,2.2,1.7,3.4,16.7,-0.1
264,Josh Jackson,SF,24,TOT,40,3,17.8,2.6,6.3,0.407,0.8,2.9,0.261,1.8,3.5,0.529,0.466,1,1.4,0.714,0.4,2.7,3.1,1.2,0.5,0.5,1,1.8,6.9,-4
265,Justin Jackson,SF,26,TOT,7,0,5.3,0.7,2.1,0.333,0.4,1.3,0.333,0.3,0.9,0.333,0.433,0.3,0.3,1,0.1,0.9,1,0.3,0,0,0.1,0.4,2.1,-3.4
266,Reggie Jackson,SG,31,LAC,57,57,30.9,6.3,15.9,0.395,2.3,7,0.325,4,8.9,0.45,0.466,1.7,2,0.835,0.5,3,3.4,4.5,0.7,0.2,2.2,2,16.6,-2.4
267,LeBron James,SF,37,LAL,41,41,36.8,11,21.2,0.522,2.8,7.9,0.353,8.3,13.3,0.622,0.588,4.2,5.6,0.748,1.1,6.8,7.9,6.5,1.6,1,3.2,2.2,29.1,8.1
268,DeJon Jarreau,SG,24,IND,1,0,1,0,0,,0,0,,0,0,,,0,0,,0,0,0,0,0,0,0,0,0,-7.8
269,DaQuan Jeffries,SG,24,MEM,3,0,3,0.3,0.7,0.5,0,0.3,0,0.3,0.3,1,0.5,0,0,,0,0.7,0.7,0.3,0,0,0,0.3,0.7,-5
270,Ty Jerome,SG,24,OKC,48,4,16.7,2.6,6.8,0.378,1.1,3.9,0.29,1.5,3,0.493,0.46,0.8,1,0.809,0.4,1.2,1.6,2.3,0.6,0.1,0.8,1.5,7.1,-2.3
271,Isaiah Joe,SG,22,PHI,41,1,12.2,1.2,3.5,0.352,0.9,2.7,0.33,0.3,0.8,0.424,0.479,0.5,0.5,0.952,0.1,1,1.1,0.7,0.3,0,0.4,0.9,3.8,-4.5
272,Alize Johnson,PF,25,TOT,19,0,7.3,0.7,1.5,0.483,0,0.2,0,0.7,1.3,0.56,0.483,0.2,0.4,0.5,1.1,1.4,2.5,0.4,0.2,0,0.6,0.8,1.7,-5.4
273,B.J. Johnson,SF,26,ORL,4,0,16.3,2.8,6.3,0.44,1,2.5,0.4,1.8,3.8,0.467,0.52,0,0,,1.5,2.3,3.8,0,0,0.3,0,1,6.5,-4.6
274,Cameron Johnson,PF,25,PHO,55,10,26,4.1,8.9,0.46,2.5,5.7,0.43,1.7,3.2,0.514,0.598,1.2,1.4,0.846,0.6,3.6,4.2,1.3,0.9,0.2,0.6,1.7,11.9,2.6
275,David Johnson,SG,20,TOR,2,0,1,0,0.5,0,0,0.5,0,0,0,,0,0,0,,0,0,0,0,0,0,0,0,0,-27.7
276,Jalen Johnson,PF,20,ATL,14,0,4.6,0.6,1.4,0.45,0.2,0.6,0.375,0.4,0.9,0.5,0.525,0.3,0.4,0.667,0,1.1,1.1,0.1,0,0.1,0.2,0.2,1.8,-4.6
277,James Johnson,PF,34,BRK,43,6,19.3,2.6,5.3,0.487,0.3,1.3,0.255,2.3,4,0.561,0.518,0.4,0.9,0.474,1,2.6,3.6,2,0.5,0.3,0.8,2.5,5.9,-2.6
278,Joe Johnson,SG,40,BOS,1,0,2,1,1,1,0,0,,1,1,1,1,0,0,,0,0,0,0,0,0,0,0,2,14.8
279,Keldon Johnson,SF,22,SAS,55,54,31.3,5.8,12.5,0.467,1.9,4.5,0.425,3.9,8,0.491,0.544,2.1,2.8,0.748,1.1,4.9,6,1.8,0.8,0.1,1.3,1.9,15.7,-1.1
280,Keon Johnson,SG,19,LAC,15,0,9,1.1,3.4,0.333,0.2,0.7,0.273,0.9,2.7,0.35,0.363,1.1,1.4,0.762,0.4,1,1.4,0.9,0.5,0.1,0.5,1.4,3.5,-5.7
281,Stanley Johnson,PF,25,LAL,24,14,22,2.5,5.1,0.48,0.7,2.1,0.314,1.8,3,0.597,0.545,0.9,1.3,0.677,0.7,2.5,3.2,1.4,0.7,0.4,0.5,2.8,6.5,-3.1
282,Tyler Johnson,PG,29,TOT,6,0,15.2,1,3.3,0.3,0.8,2.2,0.385,0.2,1.2,0.143,0.425,0,0,,0.5,1.5,2,1.2,0.5,0.5,0.3,1.2,2.8,-3.1
283,Nikola Jokić,C,26,DEN,52,52,33,9.9,17.4,0.57,1.6,4.3,0.372,8.3,13.1,0.635,0.616,4.5,5.6,0.808,2.8,11,13.8,7.9,1.3,0.7,3.8,2.5,26,14
284,Carlik Jones,PG,24,TOT,5,0,4.6,0.2,1.8,0.111,0,0.2,0,0.2,1.6,0.125,0.111,0.4,0.4,1,0.2,0.4,0.6,1,0.2,0,0.6,0,0.8,-15.3
285,Damian Jones,C,26,SAC,37,5,15.2,2.4,3.8,0.638,0.1,0.4,0.357,2.3,3.4,0.669,0.656,1.3,1.8,0.727,1.4,2.5,3.9,1.1,0.3,0.6,1,2.1,6.3,-0.7
286,Derrick Jones Jr.,PF,24,CHI,34,8,17.5,2.2,4.1,0.551,0.5,1.2,0.4,1.8,2.9,0.612,0.609,1.2,1.4,0.816,1.3,2.1,3.4,0.6,0.5,0.7,0.5,2.4,6.1,-0.1
287,Herbert Jones,PF,23,NOP,56,47,29.9,3.6,7.2,0.499,0.7,1.9,0.358,2.9,5.3,0.548,0.546,1.7,2,0.855,1.3,2.6,3.9,2.1,1.4,0.9,1.3,3.1,9.6,-0.6
288,Jemerrio Jones,SF,26,LAL,2,0,7.5,1,1.5,0.667,0,0,,1,1.5,0.667,0.667,0,0,,1,0.5,1.5,0,0.5,0,0,1,2,-1
289,Kai Jones,C,21,CHO,17,0,2.8,0.4,0.6,0.636,0.1,0.1,0.5,0.4,0.5,0.667,0.682,0.1,0.2,0.25,0.1,0.4,0.5,0.2,0,0,0.3,0.3,0.9,-8.8
290,Mason Jones,SG,23,LAL,2,0,4.5,1,4,0.25,0,1,0,1,3,0.333,0.25,0.5,1,0.5,0.5,0.5,1,0,0.5,0,0.5,0.5,2.5,-17.8
291,Tre Jones,PG,22,SAS,46,4,13.5,2,4,0.5,0.1,0.4,0.15,1.9,3.5,0.543,0.508,0.8,0.9,0.878,0.4,1.5,1.8,2.4,0.4,0,0.5,0.9,4.8,-1.1
292,Tyus Jones,PG,25,MEM,53,14,20.7,3.2,7,0.461,0.9,2.5,0.358,2.3,4.5,0.519,0.526,0.7,0.8,0.867,0.2,2.2,2.5,4.2,0.9,0,0.7,0.4,8.1,1.5
293,DeAndre Jordan,C,33,LAL,31,19,12.9,1.9,2.8,0.67,0,0,,1.9,2.8,0.67,0.67,0.4,0.8,0.48,1.6,3.9,5.5,0.4,0.3,0.8,0.6,1.6,4.2,-0.5
294,Cory Joseph,PG,30,DET,47,21,24.4,2.8,6.2,0.452,1,2.4,0.432,1.8,3.9,0.464,0.534,1.4,1.7,0.85,0.4,2.1,2.5,3.9,0.7,0.3,1.4,2.2,8.1,-2.3
295,Georgios Kalaitzakis,SF,23,MIL,9,0,5.3,0.6,1.2,0.455,0.2,0.4,0.5,0.3,0.8,0.429,0.545,0.4,1,0.444,0.4,0.4,0.9,0,0.1,0.1,0.4,0.9,1.8,-8
296,Frank Kaminsky,C,28,PHO,9,0,20.1,4,7.3,0.545,0.6,1.7,0.333,3.4,5.7,0.608,0.583,2,2.2,0.9,1.2,3.3,4.6,1.4,0.9,0.8,0.6,1.6,10.6,4.8
297,Luke Kennard,SG,25,LAC,50,10,27.8,4.1,9.1,0.446,2.7,6.1,0.448,1.3,3,0.444,0.596,0.9,1,0.885,0.2,3.2,3.5,2.3,0.7,0.1,0.9,1.6,11.8,1
298,Braxton Key,SF,24,PHI,2,0,3,0.5,1,0.5,0,0.5,0,0.5,0.5,1,0.5,0,0,,0.5,0.5,1,0.5,0.5,0,1,0.5,1,-6.2
299,George King,SF,28,DAL,4,0,4.8,0,1.3,0,0,1,0,0,0.3,0,0,0.3,0.5,0.5,0,1.3,1.3,0,0,0,0.3,1,0.3,-19.9
300,Louis King,SF,22,SAC,10,0,10.4,1.5,4.7,0.319,0.8,2.7,0.296,0.7,2,0.35,0.404,0.7,1,0.7,0,1.2,1.2,0.9,0.2,0.1,0,1.4,4.5,-4.7
301,Corey Kispert,SF,22,WAS,53,12,19.8,2.5,5.8,0.43,1.1,3.4,0.322,1.4,2.4,0.583,0.524,0.7,0.8,0.884,0.7,1.8,2.5,0.9,0.4,0.2,0.6,1,6.8,-2.7
302,Maxi Kleber,PF,30,DAL,42,20,25.3,2.7,6.2,0.435,1.7,4.5,0.372,1,1.6,0.609,0.571,0.9,1.1,0.771,1.3,4.7,6,1.1,0.5,1,0.7,2.3,8,1
303,Brandon Knight,PG,30,DAL,3,0,18,3,6.7,0.45,1.3,4.3,0.308,1.7,2.3,0.714,0.55,2.7,2.7,1,0,2.3,2.3,2.7,0.3,0,1.3,1.7,10,-1.3
304,Nathan Knight,PF,24,MIN,28,2,6.9,1,2,0.482,0.1,0.3,0.25,0.9,1.7,0.521,0.5,1.1,1.6,0.711,0.8,1.3,2.1,0.5,0.1,0.3,0.4,1,3.1,-1.8
305,Kevin Knox,SF,22,TOT,21,0,8,1,2.9,0.344,0.5,1.9,0.282,0.5,1,0.455,0.434,0.5,0.7,0.714,0.5,1.1,1.7,0.4,0.1,0,0.3,0.5,3,-4.3
306,John Konchar,SG,25,MEM,52,6,18.6,1.8,3.6,0.495,0.8,1.8,0.421,1,1.8,0.57,0.601,0.4,0.7,0.595,1.1,3.3,4.4,1.4,0.7,0.3,0.4,1.3,4.8,1.1
307,Furkan Korkmaz,SG,24,PHI,51,18,24,3.2,8.1,0.396,1.3,4.5,0.298,1.9,3.6,0.516,0.478,1.2,1.4,0.833,0.3,2.7,3,2.3,0.6,0.1,0.8,1,8.9,-2.6
308,Luke Kornet,C,26,TOT,4,0,6.8,0.3,2.3,0.111,0,0.5,0,0.3,1.8,0.143,0.111,0.5,0.8,0.667,0.8,0.8,1.5,0.5,0.3,0.3,0,0.5,1,-11.7
309,Vit Krejci,SG,21,OKC,6,0,5.2,0.3,1,0.333,0,0.7,0,0.3,0.3,1,0.333,0.3,0.3,1,0,0.8,0.8,0.3,0,0,0.3,0.3,1,-9.6
310,Arnoldas Kulboka,SF,24,CHO,1,0,3,0,0,,0,0,,0,0,,,0,0,,0,0,0,0,0,0,0,0,0,-10.5
311,Jonathan Kuminga,SF,19,GSW,47,7,14.5,2.9,5.7,0.511,0.6,1.9,0.322,2.3,3.9,0.602,0.563,1.5,2.3,0.655,0.6,2.2,2.8,0.7,0.4,0.2,0.9,1.9,8,-2.2
312,Kyle Kuzma,PF,26,WAS,55,55,33.2,6.1,13.5,0.452,1.9,5.5,0.334,4.3,8,0.533,0.52,2.2,3.2,0.703,1.1,7.7,8.8,3.1,0.7,0.8,2.4,1.8,16.3,-0.2
313,Anthony Lamb,SF,24,SAS,2,0,4,0,1,0,0,1,0,0,0,,0,0,0,,0,0.5,0.5,1,0,0,0,0,0,-8
314,Jeremy Lamb,SF-SG,29,TOT,40,0,16.1,2.2,6,0.372,1.1,3.1,0.336,1.2,2.9,0.412,0.46,1.8,2.1,0.843,0.4,2.1,2.5,1.4,0.6,0.4,0.6,1.1,7.3,-0.1
315,Jock Landale,C,26,SAS,36,1,10.2,1.8,3.6,0.488,0.6,1.6,0.351,1.2,2,0.597,0.566,0.6,0.7,0.84,1.1,1.1,2.2,0.9,0.2,0.3,0.6,0.9,4.6,-0.2
316,Romeo Langford,SG,22,BOS,44,5,16.5,1.8,4.2,0.429,0.7,1.9,0.349,1.1,2.3,0.495,0.508,0.5,0.8,0.588,0.7,1.7,2.4,0.4,0.5,0.4,0.4,1,4.7,-1.4
317,Zach LaVine,SF,26,CHI,47,47,34.6,8.7,18.1,0.482,2.9,7.2,0.399,5.9,11,0.536,0.561,4.2,4.9,0.869,0.3,4.6,4.9,4.5,0.6,0.4,2.7,1.7,24.6,2.5
318,Jake Layman,SF,27,MIN,23,1,7.3,0.8,2.1,0.367,0.2,1.1,0.154,0.6,1,0.609,0.408,0.3,0.3,0.75,0.2,0.9,1,0.3,0.3,0.2,0.3,0.4,2,-5.5
319,Damion Lee,SG,29,GSW,47,3,20.3,2.9,6.4,0.452,1.2,3.3,0.37,1.7,3.1,0.538,0.547,0.9,1,0.851,0.4,2.7,3.1,0.9,0.7,0.1,0.6,1.4,7.8,-1.5
320,Saben Lee,PG,22,DET,28,0,14.5,1.6,4.4,0.377,0.4,1.6,0.273,1.2,2.8,0.436,0.426,1.2,1.5,0.767,0.4,2,2.4,2.3,0.9,0.4,0.9,0.9,4.9,0.2
321,Alex Len,C,28,SAC,33,9,16.9,2.5,4.7,0.529,0.2,0.6,0.316,2.3,4.1,0.559,0.548,1.1,1.7,0.643,1.5,3.2,4.6,1.2,0.4,0.8,1.2,2.7,6.2,-2.8
322,Caris LeVert,SG,27,TOT,43,40,31.1,7,15.8,0.443,1.5,4.7,0.32,5.5,11.1,0.495,0.49,2.7,3.5,0.76,0.7,2.9,3.6,4.4,1,0.4,1.9,2.3,18.2,-0.5
323,Kira Lewis Jr.,PG,20,NOP,24,0,14.2,2.5,6.1,0.404,0.5,2.4,0.224,1.9,3.7,0.523,0.449,0.4,0.5,0.833,0.4,1.3,1.6,2,0.5,0,1.1,0.7,5.9,-4.1
324,Scottie Lewis,SG,21,CHO,2,0,3.5,0,0,,0,0,,0,0,,,0.5,1,0.5,0,0,0,0.5,0.5,0,0,0,0.5,6.1
325,Damian Lillard,PG,31,POR,29,29,36.4,7.7,19,0.402,3.2,9.8,0.324,4.5,9.2,0.485,0.486,5.5,6.2,0.878,0.4,3.7,4.1,7.3,0.6,0.4,2.9,1.3,24,1.5
326,Nassir Little,SF,21,POR,42,23,25.9,3.5,7.5,0.46,1.2,3.7,0.331,2.2,3.8,0.584,0.541,1.6,2.2,0.734,1.4,4.2,5.6,1.3,0.6,0.9,1,2,9.8,-1.1
327,Isaiah Livers,SF,23,DET,1,0,5,0,2,0,0,2,0,0,0,,0,0,0,,0,0,0,0,1,1,1,1,0,-17.1
328,Kevon Looney,C,25,GSW,59,59,21.4,2.6,4.8,0.548,0,0,0,2.6,4.7,0.55,0.548,1.1,1.7,0.631,2.7,4.8,7.6,1.7,0.6,0.7,0.9,2.7,6.3,0
329,Brook Lopez,C,33,MIL,1,1,28,3,9,0.333,2,4,0.5,1,5,0.2,0.444,0,0,,2,3,5,0,1,3,0,3,8,-2.6
330,Robin Lopez,C,33,ORL,27,9,17.3,3.4,6,0.571,0.1,0.2,0.4,3.3,5.8,0.577,0.578,0.9,1.5,0.575,2,1.6,3.6,1.6,0,0.6,1.3,1.9,7.7,-2.7
331,Didi Louzada,SF,22,NOP,2,0,3.5,0,1.5,0,0,1.5,0,0,0,,0,0,0,,1,0,1,0.5,0,0,0,0,0,-12.6
332,Kevin Love,PF,33,CLE,50,2,22.3,4.5,10.7,0.426,2.5,6.4,0.393,2,4.2,0.476,0.544,2.7,3.2,0.854,1.2,6.2,7.3,2.1,0.3,0.2,1.3,1.2,14.3,5.8
333,Kyle Lowry,PG,35,MIA,46,46,34.3,4.4,10.4,0.425,2.2,6.1,0.352,2.3,4.3,0.528,0.528,2.3,2.7,0.84,0.6,4,4.6,7.9,1.2,0.3,3,2.8,13.3,1.5
334,Timothé Luwawu-Cabarrot,SF,26,ATL,36,12,12.6,1.4,3.6,0.385,0.9,2.4,0.368,0.5,1.2,0.419,0.508,0.5,0.6,0.85,0.3,1.1,1.4,0.7,0.4,0.1,0.4,1.3,4.1,-3.5
335,Trey Lyles,PF,26,TOT,53,3,18.8,3.3,7.3,0.459,0.8,2.8,0.301,2.5,4.5,0.554,0.516,2.6,3.3,0.784,1.1,3.5,4.7,1.1,0.4,0.5,1.1,1.7,10.1,-0.2
336,Théo Maledon,PG,20,OKC,31,0,14.2,1.3,4.2,0.318,0.5,2.1,0.231,0.8,2.1,0.406,0.376,1.2,1.4,0.857,0.3,1.4,1.6,1.2,0.5,0.2,0.9,1.1,4.3,-6.1
337,Sandro Mamukelashvili,PF,22,MIL,34,2,9.3,1.1,2.5,0.459,0.4,1.1,0.385,0.7,1.4,0.522,0.547,0.3,0.4,0.75,0.8,0.9,1.8,0.5,0.2,0.2,0.3,0.6,3,-0.8
338,Terance Mann,SF,25,LAC,60,24,28.9,4.1,8.5,0.484,1,2.7,0.36,3.1,5.8,0.542,0.541,1.4,1.8,0.743,1.3,3.9,5.2,2.4,0.7,0.1,1,2.2,10.5,-1
339,Tre Mann,PG,20,OKC,45,13,20,3.2,8.3,0.383,1.4,3.8,0.365,1.8,4.5,0.399,0.466,0.9,1.2,0.75,0.3,1.9,2.2,1,0.7,0.2,0.8,1.7,8.7,-4.4
340,Boban Marjanović,C,33,DAL,17,0,5.8,2.1,3.4,0.632,0.1,0.2,0.333,2.1,3.2,0.648,0.64,0.5,0.9,0.5,0.4,1.4,1.8,0.1,0,0.1,0.6,1.2,4.8,-2.5
341,Lauri Markkanen,PF,24,CLE,38,38,30.2,4.9,11.3,0.436,2,5.9,0.342,2.9,5.4,0.539,0.526,1.7,1.9,0.863,1.1,4.2,5.3,1.5,0.8,0.6,0.8,1.8,13.6,0.5
342,Naji Marshall,SF,24,NOP,32,0,9.6,1.3,3.4,0.37,0.3,1.5,0.213,0.9,1.9,0.492,0.417,0.9,1.1,0.857,0.5,1.6,2.1,0.8,0.4,0.1,0.8,0.9,3.8,-4.7
343,Caleb Martin,SF,26,MIA,44,10,22.9,3.7,7.2,0.506,1,2.6,0.379,2.7,4.6,0.579,0.575,1.2,1.6,0.739,1.3,2.7,4,1,1,0.5,0.8,1.6,9.5,1.1
344,Cody Martin,SF,26,CHO,49,11,27.2,2.9,6.5,0.454,1,2.4,0.41,2,4.1,0.48,0.53,1.1,1.7,0.671,1.2,3,4.2,2.6,1.3,0.5,0.9,1.7,8,-0.6
345,Kelan Martin,SF,26,IND,27,1,16.4,2.6,6.2,0.417,0.8,2.7,0.297,1.8,3.5,0.511,0.482,0.3,0.5,0.692,0.6,1.4,2,0.8,0.5,0.3,0.5,1.3,6.3,-3.1
346,Kenyon Martin Jr.,SF,21,HOU,55,0,19.9,3.5,6.6,0.526,0.6,1.9,0.314,2.9,4.8,0.608,0.57,1,1.6,0.648,1.1,2.7,3.9,1.3,0.4,0.5,0.8,1.3,8.6,-1
347,Garrison Mathews,SG,25,HOU,41,19,27.4,3.2,7.8,0.411,2.4,6.5,0.371,0.8,1.3,0.611,0.565,2.6,3.2,0.809,0.6,2.8,3.4,1,0.7,0.3,0.7,2.9,11.4,-2.3
348,Dakota Mathias,SG,26,MEM,6,0,2.7,0.3,1,0.333,0.3,1,0.333,0,0,,0.5,0,0,,0,0.3,0.3,0.2,0.2,0,0,0.2,1,0.2
349,Wesley Matthews,SG,35,MIL,30,6,19.2,1.8,4.4,0.406,1.1,3.2,0.34,0.7,1.2,0.583,0.53,0.2,0.3,0.6,0.5,1.3,1.8,0.7,0.4,0.2,0.4,1.9,4.9,-3.9
350,Tyrese Maxey,PG,21,PHI,51,50,35.6,6.3,13.4,0.469,1.4,3.6,0.39,4.9,9.9,0.497,0.52,2.9,3.4,0.871,0.4,3.2,3.5,4.6,0.6,0.5,1.2,2.1,16.9,0.3
351,Skylar Mays,SG,24,ATL,23,5,9,1.3,2.7,0.508,0.3,1.1,0.32,1,1.6,0.639,0.574,0.3,0.4,0.889,0.2,0.9,1.1,0.7,0.3,0,0.4,0.3,3.4,-1.5
352,Miles McBride,PG,21,NYK,21,2,7.2,0.7,2.8,0.259,0.2,1.5,0.161,0.5,1.3,0.37,0.302,0.1,0.2,0.75,0.1,0.7,0.8,1.1,0.4,0,0.1,0.7,1.8,-6
353,Mac McClung,PG,23,CHI,1,0,3,1,1,1,0,0,,1,1,1,1,0,0,,0,0,0,0,0,0,1,0,2,-15.2
354,CJ McCollum,SG,30,TOT,41,41,35.4,8.4,18.9,0.447,3.1,8,0.389,5.3,10.9,0.49,0.53,1.5,2.1,0.718,1,3.5,4.5,4.6,1,0.5,2,2.1,21.5,1.2
355,T.J. McConnell,PG,29,IND,24,6,24.2,3.8,7.5,0.503,0.3,1,0.28,3.5,6.5,0.538,0.522,0.5,0.6,0.8,0.8,2.5,3.3,4.8,1,0.4,1.2,1.8,8.4,1.4
356,Jaden McDaniels,PF,21,MIN,56,24,26.3,3.5,7.9,0.445,1.1,3.6,0.296,2.5,4.4,0.566,0.511,0.8,1,0.789,1.2,3.1,4.3,1.2,0.8,0.7,1.1,3.2,8.9,-3.3
357,Jalen McDaniels,SF,24,CHO,39,2,17.6,2.5,5.1,0.492,0.8,2.2,0.372,1.7,2.8,0.586,0.574,0.8,1.2,0.674,0.7,2.7,3.5,1.1,0.5,0.4,0.8,1.8,6.6,-2.3
358,Doug McDermott,PF,30,SAS,43,43,24.5,4.5,9.5,0.471,2.3,5.3,0.441,2.2,4.3,0.508,0.593,0.6,0.8,0.75,0.4,2.1,2.5,1.2,0.3,0.1,0.8,1.6,11.9,-2
359,JaVale McGee,C,34,PHO,52,14,16.1,4.3,6.5,0.657,0,0.1,0.333,4.2,6.4,0.663,0.66,1.4,2,0.683,2.3,4.6,6.9,0.6,0.3,1,1.4,2.5,9.9,2.2
360,Cameron McGriff,SF,24,POR,3,0,15.3,1.7,4.7,0.357,0.7,2,0.333,1,2.7,0.375,0.429,0.7,0.7,1,2,3,5,1,0,0.3,0,2.3,4.7,-3.7
361,Rodney McGruder,SG,30,DET,33,1,13.5,1.7,3.7,0.451,0.9,2.2,0.397,0.8,1.5,0.531,0.57,0.3,0.4,0.714,0.5,1.4,1.9,0.8,0.4,0.1,0.4,1,4.5,-2
362,Alfonzo McKinnie,SF,29,CHI,17,3,12.1,1.4,3.6,0.393,0.5,1.6,0.333,0.9,2,0.441,0.467,0.1,0.5,0.25,0.8,1.2,1.9,0.3,0.1,0.2,0.4,1.5,3.5,-8.8
363,JaQuori McLaughlin,PG,24,DAL,4,0,2.8,0,0.5,0,0,0.3,0,0,0.3,0,0,0,0,,0,0,0,0.5,0,0,0,0.3,0,-13.5
364,Jordan McLaughlin,PG,25,MIN,41,3,12.5,1.1,3,0.377,0.2,1.1,0.191,0.9,1.8,0.493,0.414,0.6,0.8,0.742,0.2,1.1,1.3,2.8,0.7,0.1,0.5,0.6,3,-1.7
365,Ben McLemore,SG,28,POR,42,6,18.8,3.1,7.7,0.397,2.3,6.1,0.374,0.8,1.6,0.485,0.545,0.7,0.9,0.784,0.3,1.3,1.6,0.9,0.4,0.1,0.6,1.4,9.1,-2.6
366,De'Anthony Melton,SG,23,MEM,51,13,22.7,3.6,9.3,0.387,1.6,4.7,0.343,2,4.6,0.432,0.474,1.1,1.6,0.713,1,3.5,4.5,2.7,1.6,0.5,1.4,1.7,9.9,1.6
367,Sam Merrill,SG,25,MEM,6,0,9.7,1.3,4,0.333,1.2,3.8,0.304,0.2,0.2,1,0.479,0.3,0.7,0.5,0.2,1,1.2,0.7,0,0,0.3,0.5,4.2,-5.7
368,Chimezie Metu,C,24,SAC,42,20,22.2,3.4,7.8,0.436,1,3.4,0.28,2.5,4.4,0.557,0.497,1.2,1.6,0.773,0.7,5.2,5.9,1.1,0.8,0.6,1,1.4,9,-1.4
369,Khris Middleton,SF,30,MIL,48,48,32.1,6.6,15,0.438,2.3,6.4,0.356,4.3,8.6,0.499,0.514,4,4.5,0.884,0.6,4.9,5.5,5.3,1.2,0.3,2.9,2.5,19.4,1.3
370,C.J. Miles,SG,34,BOS,1,0,2,0,0,,0,0,,0,0,,,0,0,,0,0,0,0,0,0,0,1,0,-16.4
371,Patty Mills,PG,33,BRK,58,41,31.1,4.7,11.1,0.425,3.2,7.7,0.419,1.5,3.4,0.44,0.57,0.7,0.8,0.854,0.3,1.9,2.2,2.6,0.8,0.3,1,1.5,13.4,-0.7
372,Paul Millsap,PF,36,TOT,26,0,11.2,1.4,3.7,0.389,0.3,1.2,0.258,1.1,2.5,0.453,0.432,0.5,0.7,0.684,1.3,2.4,3.7,1,0.2,0.4,0.5,2,3.7,-2.6
373,Shake Milton,PG,25,PHI,31,6,24.4,3.8,9.1,0.417,0.8,2.7,0.298,3,6.4,0.467,0.461,1.5,1.7,0.87,0.6,2.5,3.1,2.8,0.7,0.4,1.2,2.1,9.9,-2.6
374,Davion Mitchell,PG,23,SAC,53,8,26,4.3,10.5,0.406,1.4,4.3,0.326,2.8,6.2,0.462,0.473,0.5,0.8,0.558,0.6,1.8,2.4,3.5,0.7,0.3,1.2,1.9,10.4,-3.5
375,Donovan Mitchell,SG,25,UTA,46,46,33.4,9.3,20.3,0.456,3.3,9.5,0.351,5.9,10.8,0.548,0.538,3.9,4.5,0.873,0.9,3.3,4.2,5.2,1.6,0.3,2.9,2.4,25.7,5
376,Evan Mobley,PF,20,CLE,50,50,34.1,6,12,0.503,0.4,1.4,0.265,5.7,10.6,0.534,0.518,2.4,3.6,0.672,1.9,6.2,8.1,2.6,0.8,1.6,2,2,14.9,0.9
377,Malik Monk,SG,23,LAL,52,19,27.1,4.8,10.1,0.471,2.3,5.6,0.399,2.5,4.5,0.56,0.582,1.2,1.5,0.772,0.4,2.9,3.3,2.4,0.7,0.4,1.4,1.7,13,-0.3
378,Greg Monroe,C,31,TOT,10,0,15.1,2.4,4.4,0.545,0,0,,2.4,4.4,0.545,0.545,0.7,1.4,0.5,2.3,2.9,5.2,1.4,0.6,0.7,0.9,1.6,5.5,-0.8
379,Moses Moody,SG,19,GSW,34,4,9.5,1.1,3,0.376,0.6,1.8,0.306,0.6,1.1,0.487,0.47,0.4,0.5,0.824,0.2,1.1,1.4,0.3,0.1,0.2,0.2,0.7,3.2,-4.7
380,Xavier Moon,SG,27,LAC,6,0,13.8,2.3,5.7,0.412,0.5,1.7,0.3,1.8,4,0.458,0.456,0.3,0.5,0.667,0.2,1.3,1.5,1.7,0.8,0.2,0.5,0.7,5.5,-2.7
381,Matt Mooney,SG,24,NYK,1,0,2,0,1,0,0,1,0,0,0,,0,0,0,,0,0,0,0,1,0,1,0,0,-22.6
382,Ja Morant,PG,22,MEM,46,46,33.2,10,20.2,0.495,1.5,4.5,0.33,8.5,15.7,0.542,0.532,5.3,7,0.755,1.3,4.5,5.8,6.9,1.2,0.4,3.4,1.5,26.8,6
383,Juwan Morgan,PF,24,TOR,1,0,27,2,3,0.667,1,2,0.5,1,1,1,0.833,0,0,,2,2,4,1,0,0,0,3,5,-7.3
384,Jaylen Morris,SG,26,SAS,3,0,5.3,0,2,0,0,0.7,0,0,1.3,0,0,0.7,1.3,0.5,0,0.7,0.7,0.7,0,0,0.3,0.7,0.7,-21.5
385,Marcus Morris,PF,32,LAC,36,36,29.9,5.9,13.4,0.439,2.1,5.4,0.388,3.8,8,0.474,0.518,2.3,2.7,0.847,0.6,4.3,4.8,2.2,0.6,0.3,1.3,2.3,16.2,-0.7
386,Markieff Morris,PF,32,MIA,10,0,18.7,3.2,7,0.457,0.8,2.2,0.364,2.4,4.8,0.5,0.514,0.5,0.5,1,1.3,1.5,2.8,1.4,0.3,0.1,1.2,2.2,7.7,-1.7
387,Monte Morris,PG,26,DEN,52,51,30,5.1,10.7,0.476,1.6,4.3,0.375,3.5,6.4,0.544,0.551,0.9,1,0.852,0.4,2.6,3,4.3,0.7,0.2,1,1.2,12.7,-0.3
388,Emmanuel Mudiay,PG,25,SAC,2,0,5.5,0,1,0,0,0,,0,1,0,0,1.5,2,0.75,0,0,0,2,0.5,0,0.5,0.5,1.5,-1
389,Mychal Mulder,PG,27,ORL,15,2,13,1.3,4.5,0.299,0.9,3.1,0.283,0.5,1.4,0.333,0.396,0.1,0.1,1,0.1,1.3,1.4,0.2,0.3,0.1,0.5,0.8,3.7,-8.5
390,Ade Murkey,SG,24,SAC,1,0,1,0,0,,0,0,,0,0,,,0,0,,0,0,0,0,0,0,0,0,0,-9.5
391,Trey Murphy III,SF,21,NOP,41,0,12.7,1.2,3.6,0.338,0.9,2.6,0.336,0.3,1,0.341,0.459,0.6,0.7,0.857,0.7,1.5,2.1,0.5,0.3,0.1,0.3,1,3.9,-3.3
392,Dejounte Murray,PG,25,SAS,52,52,34.4,8.2,17.9,0.459,1.3,4,0.319,6.9,13.9,0.5,0.495,2.2,2.9,0.758,1.3,7,8.3,9.3,2,0.3,2.4,2,19.9,5.2
393,Mike Muscala,C,30,OKC,43,0,13.8,2.6,5.8,0.456,1.6,3.8,0.429,1,2,0.506,0.597,1.1,1.3,0.842,0.5,2.5,3,0.5,0.4,0.6,0.3,1.3,8,5.1
394,Svi Mykhailiuk,SF,24,TOR,43,5,15.2,1.9,4.8,0.401,0.8,2.7,0.304,1.1,2.1,0.522,0.486,0.6,0.7,0.844,0.5,1.6,2.1,0.9,0.6,0.1,0.7,1.1,5.3,-2.6
395,Abdel Nader,SF,28,PHO,14,0,10.4,0.9,2.5,0.343,0.3,1,0.286,0.6,1.5,0.381,0.4,0.4,0.7,0.6,0.3,1.6,1.9,0.5,0.6,0.3,0.8,1.4,2.4,-5
396,Larry Nance Jr.,PF,29,POR,37,11,23.2,2.8,5.4,0.515,0.5,1.7,0.306,2.2,3.7,0.61,0.563,0.9,1.3,0.653,1.6,4.1,5.6,2,1,0.4,0.7,1.8,6.9,0.6
397,RJ Nembhard Jr.,SG,22,CLE,7,0,6.3,0.7,1.6,0.455,0,0.1,0,0.7,1.4,0.5,0.455,0.1,0.3,0.5,0,0.3,0.3,1.4,0,0,0.3,0.3,1.6,-5.8
398,Aaron Nesmith,SF,22,BOS,41,1,10.8,1.3,3.5,0.378,0.5,2.2,0.236,0.8,1.3,0.611,0.451,0.4,0.5,0.842,0.3,1.4,1.7,0.3,0.3,0.1,0.6,1.3,3.5,-5.7
399,Raul Neto,PG,29,WAS,49,5,20.3,3,6.6,0.455,0.4,1.8,0.244,2.6,4.8,0.536,0.489,1.3,1.7,0.747,0.2,1.8,2,2.8,0.8,0,1.2,1.6,7.8,-3.6
400,Malik Newman,PG,24,CLE,1,0,8,3,5,0.6,0,1,0,3,4,0.75,0.6,2,2,1,0,1,1,1,0,0,1,0,8,6.8
401,Georges Niang,PF,28,PHI,54,6,23.4,3.3,7.7,0.433,2,4.9,0.397,1.4,2.8,0.497,0.56,0.8,0.9,0.863,0.4,2.3,2.7,1.5,0.4,0.2,0.8,2.6,9.4,-2.3
402,Daishen Nix,SG,19,HOU,8,0,8.4,1.6,2.5,0.65,0.4,0.9,0.429,1.3,1.6,0.769,0.725,0.1,0.4,0.333,0.1,1.1,1.3,1.3,0.9,0,1.1,0.4,3.8,1.2
403,Zeke Nnaji,PF,21,DEN,39,1,16.7,2.4,4.5,0.54,0.9,1.9,0.487,1.5,2.6,0.58,0.645,1,1.6,0.613,1.4,2.3,3.7,0.4,0.3,0.3,0.5,1.9,6.8,-1.8
404,Nerlens Noel,C,27,NYK,25,11,22.5,1.3,2.4,0.533,0,0.1,0,1.3,2.3,0.561,0.533,0.8,1.2,0.7,1.9,3.7,5.6,0.9,1.2,1.2,0.8,2.7,3.4,0.1
405,Jaylen Nowell,SG,22,MIN,42,1,14.6,3,6.3,0.466,0.9,2.3,0.371,2.1,4,0.521,0.534,1,1.3,0.745,0.4,1.6,2,2.1,0.5,0.1,0.5,1.1,7.7,1
406,Frank Ntilikina,PG,23,DAL,47,5,12.5,1.5,4,0.379,0.7,2.1,0.34,0.8,1.9,0.422,0.468,0.5,0.5,0.958,0.1,1.2,1.3,1.1,0.5,0.1,0.6,1.1,4.3,-2.5
407,Jusuf Nurkić,C,27,POR,56,56,28.2,5.7,10.7,0.535,0.3,1,0.268,5.5,9.7,0.563,0.548,3.3,4.8,0.69,3,8.1,11.1,2.8,1.1,0.6,2.6,3.4,15,0.6
408,David Nwaba,SF,29,HOU,38,4,13.8,1.9,4,0.467,0.3,1,0.256,1.6,3,0.54,0.5,1.1,1.5,0.719,0.9,2.7,3.7,0.8,0.6,0.5,0.5,1.3,5.1,-1.1
409,Jordan Nwora,SF,23,MIL,46,10,19.7,3.2,7.8,0.41,1.5,4,0.368,1.8,3.9,0.453,0.503,0.4,0.5,0.783,0.7,3,3.7,1,0.5,0.3,1,1.2,8.3,-3.2
410,Royce O'Neale,SF,28,UTA,54,54,31.4,2.7,5.6,0.49,1.5,3.7,0.406,1.2,1.8,0.663,0.627,0.6,0.8,0.795,0.8,4.2,4.9,2.5,1.3,0.5,0.9,2.4,7.6,1.9
411,Semi Ojeleye,PF,27,TOT,22,0,14.6,0.9,3.5,0.26,0.5,2,0.273,0.4,1.5,0.242,0.338,0.5,0.7,0.75,1.2,1.5,2.7,0.2,0.2,0.2,0.3,1.2,2.9,-7.2
412,Chuma Okeke,PF,23,ORL,49,10,23.9,3,7.9,0.381,1.5,4.8,0.308,1.5,3.1,0.493,0.474,0.7,0.9,0.837,0.7,4,4.7,1.6,1.4,0.6,0.8,1.3,8.2,-0.2
413,Josh Okogie,SG,23,MIN,33,6,12.4,0.8,2.3,0.347,0.3,1.1,0.278,0.5,1.2,0.41,0.413,0.7,1.1,0.622,0.8,1.1,1.8,0.5,0.5,0.3,0.5,1.2,2.6,-3.8
414,Onyeka Okongwu,C,21,ATL,26,6,21.5,3.5,4.9,0.719,0,0,,3.5,4.9,0.719,0.719,1.6,2.2,0.732,2.2,3.3,5.5,1.1,0.7,1.4,1.2,3.2,8.7,0.6
415,Isaac Okoro,SF,21,CLE,43,37,28.8,3.2,6.8,0.464,0.8,2.7,0.316,2.3,4.2,0.559,0.526,1.8,2.3,0.778,1,2.1,3.1,1.9,0.8,0.3,1,2.6,9,-1.7
416,KZ Okpala,PF,22,MIA,21,0,11.6,1.4,3.3,0.435,0.4,1.2,0.346,1,2,0.488,0.5,0.4,0.5,0.727,0.5,1.4,2,0.7,0.2,0.3,0.2,1.2,3.7,-2.7
417,Cameron Oliver,SF,25,ATL,2,0,21.5,5,7.5,0.667,0.5,1.5,0.333,4.5,6,0.75,0.7,1,1.5,0.667,1,2,3,1.5,0.5,0.5,0,2.5,11.5,1.9
418,Kelly Olynyk,C,30,DET,21,1,20,3.5,8.6,0.403,1,3.5,0.297,2.4,5.1,0.477,0.464,1.7,2.4,0.686,1.6,3.3,4.9,2.8,0.9,0.5,1.7,2.4,9.7,-0.1
419,Eugene Omoruyi,SF,24,DAL,4,0,4.5,0.5,1.3,0.4,0.3,0.5,0.5,0.3,0.8,0.333,0.5,0.5,1,0.5,0.5,1.3,1.8,0.5,0,0,0,0.5,1.8,4.2
420,Miye Oni,SG,24,UTA,16,0,2.8,0.1,0.6,0.222,0.1,0.5,0.125,0.1,0.1,1,0.278,0,0.1,0,0.1,0.4,0.4,0.3,0,0,0.1,0.4,0.3,-7.8
421,Cedi Osman,SF,26,CLE,46,3,23,3.8,9.1,0.42,2,5.7,0.356,1.8,3.4,0.526,0.531,1.2,1.9,0.64,0.4,1.9,2.3,2,0.9,0.2,0.9,1.9,10.8,0.4
422,Daniel Oturu,C,22,TOR,3,0,9,1,2,0.5,0,0.3,0,1,1.7,0.6,0.5,1,1.7,0.6,0.3,1.3,1.7,0,0,0.7,0,0.3,3,-5.4
423,Kelly Oubre Jr.,SF,26,CHO,54,13,28.5,5.9,13.5,0.435,2.7,8,0.34,3.2,5.6,0.571,0.535,1.7,2.6,0.676,1.2,2.9,4.1,1.1,1.2,0.4,1,2.6,16.2,-1.5
424,Jaysean Paige,PG,27,DET,1,0,7,0,3,0,0,2,0,0,1,0,0,0,0,,0,1,1,1,0,0,1,2,0,-31.7
425,Trayvon Palmer,SG,27,DET,1,0,17,0,1,0,0,0,,0,1,0,0,0,0,,0,2,2,0,0,0,1,2,0,-15.5
426,Kevin Pangos,PG,29,CLE,24,3,6.9,0.6,1.9,0.326,0.3,1.1,0.231,0.4,0.8,0.45,0.391,0.1,0.2,0.75,0.1,0.4,0.5,1.3,0.1,0,0.3,0.5,1.6,-5.9
427,Jabari Parker,PF,26,BOS,12,0,9.3,1.5,3.2,0.474,0.7,1.3,0.5,0.8,1.8,0.455,0.579,0.8,0.8,1,0.4,1.9,2.3,0.5,0.3,0.1,0.7,1.1,4.4,0.5
428,Eric Paschall,PF,25,UTA,44,1,13.3,2,4.1,0.486,0.8,2,0.378,1.2,2,0.596,0.581,1.1,1.5,0.758,0.6,1.5,2.1,0.6,0.2,0.1,0.6,1,5.9,-0.8
429,Chris Paul,PG,36,PHO,58,58,33,5.6,11.5,0.487,1,3.1,0.33,4.6,8.4,0.546,0.532,2.7,3.2,0.843,0.3,4.2,4.5,10.7,1.9,0.3,2.4,2,14.9,5.3
430,Cameron Payne,PG,27,PHO,40,0,20.4,4,9.8,0.404,1.1,3.4,0.336,2.8,6.4,0.44,0.462,1.4,1.7,0.864,0.4,2.4,2.8,3.6,0.6,0.3,1.8,1.9,10.5,-0.9
431,Elfrid Payton,PG,27,PHO,38,0,11.7,1.5,3.7,0.394,0.1,0.4,0.286,1.4,3.4,0.406,0.408,0.3,0.7,0.393,0.5,1.5,2,2.2,0.5,0.1,1,0.9,3.3,-2.9
432,Gary Payton II,PG,29,GSW,56,10,16.6,2.8,4.6,0.619,0.6,1.7,0.362,2.2,2.9,0.767,0.685,0.5,0.9,0.58,1,2.5,3.5,0.8,1.4,0.3,0.5,1.6,6.8,4.6
433,Norvel Pelle,C,28,UTA,3,0,6.3,1,1.7,0.6,0,0,,1,1.7,0.6,0.6,0,0,,1,1,2,0,0,0.3,0.7,0.3,2,-7
434,Reggie Perry,PF,21,TOT,3,0,17,1.7,3.3,0.5,0.3,0.7,0.5,1.3,2.7,0.5,0.55,0.7,0.7,1,0.7,2,2.7,0.7,0.3,0,0.3,3,4.3,-6.8
435,Jamorko Pickett,PF,24,DET,6,0,7.8,0.2,1.7,0.1,0.2,1.2,0.143,0,0.5,0,0.15,0,0,,0.3,1.2,1.5,0.2,0,0.2,0.5,0.5,0.5,-13.6
436,Theo Pinson,SF,26,DAL,16,0,7.5,0.6,2,0.281,0.4,1.6,0.24,0.2,0.4,0.429,0.375,0.3,0.3,1,0.1,1.1,1.2,0.8,0.3,0.1,0.1,0.6,1.8,-2.2
437,Mason Plumlee,C,31,CHO,51,51,25.5,2.9,4.6,0.631,0,0,0,2.9,4.6,0.637,0.631,0.9,2.3,0.379,2.6,5.4,8,3.1,0.9,0.6,1.4,3.1,6.7,-0.1
438,Jakob Poeltl,C,26,SAS,49,48,28.9,5.9,9.6,0.614,0,0,1,5.9,9.6,0.614,0.615,1.2,2.7,0.466,3.9,5.3,9.2,2.8,0.7,1.8,1.6,3,13.1,1.8
439,Aleksej Pokusevski,PF,20,OKC,42,2,16.6,2.3,5.9,0.386,0.7,2.6,0.273,1.5,3.2,0.478,0.447,0.2,0.4,0.563,1,3.4,4.3,1.2,0.5,0.6,1.2,1.2,5.5,-3.3
440,Yves Pons,SF,22,MEM,7,0,3.1,0.1,0.4,0.333,0.1,0.1,1,0,0.3,0,0.5,0,0.3,0,0.3,0.4,0.7,0,0,0,0,0.3,0.4,-6.7
441,Jordan Poole,SG,22,GSW,53,35,28.8,5.6,12.7,0.438,2.3,6.9,0.338,3.2,5.8,0.559,0.53,2.9,3.1,0.922,0.5,2.7,3.1,3.5,0.8,0.3,2.3,2.6,16.4,-0.4
442,Kevin Porter Jr.,PG,21,HOU,39,39,30.1,4.7,11.8,0.399,2.3,6,0.38,2.4,5.8,0.419,0.496,2,3.3,0.606,0.7,3.2,3.9,6.2,1.2,0.3,3.5,2.5,13.7,-3
443,Michael Porter Jr.,SF,23,DEN,9,9,29.4,4.1,11.4,0.359,1.1,5.3,0.208,3,6.1,0.491,0.408,0.6,1,0.556,1,5.6,6.6,1.9,1.1,0.2,1.3,1.8,9.9,-3.4
444,Otto Porter Jr.,PF,28,GSW,48,13,21.5,3.2,6.7,0.474,1.5,3.7,0.391,1.7,3,0.577,0.583,0.6,0.8,0.757,1,4.2,5.2,1.5,1.1,0.5,0.5,1.4,8.4,3.9
445,Bobby Portis,C,26,MIL,51,46,28.8,6,12.5,0.482,1.9,4.7,0.402,4.1,7.8,0.53,0.558,1.4,1.8,0.755,2.6,6.5,9.1,1.3,0.8,0.8,1.5,2.6,15.3,0.3
446,Kristaps Porziņģis,PF,26,DAL,34,34,29.5,6.7,14.9,0.451,1.4,5.1,0.283,5.3,9.9,0.537,0.499,4.3,5,0.865,1.9,5.8,7.7,2,0.7,1.7,1.6,2.6,19.2,3.2
447,Micah Potter,C,23,DET,3,0,10.3,1.7,3.7,0.455,0,0.7,0,1.7,3,0.556,0.455,0.7,0.7,1,1.3,1.7,3,0,0.3,0.3,0.3,1.3,4,-7.3
448,Dwight Powell,C,30,DAL,59,48,20.6,2.8,4.3,0.649,0.2,0.5,0.387,2.6,3.7,0.686,0.673,1.6,2.2,0.744,2,2.4,4.4,1.1,0.5,0.4,0.8,2.5,7.4,0.5
449,Myles Powell,PG,24,PHI,11,0,4.7,0.5,1.5,0.294,0.1,0.5,0.167,0.4,1,0.364,0.324,0.2,0.2,1,0.1,0.5,0.5,0.3,0.1,0,0.3,0.7,1.2,-12.7
450,Norman Powell,SF-SG,28,TOT,43,41,32.9,6.2,13.6,0.457,2.3,5.7,0.407,3.9,7.9,0.493,0.542,4.1,5.1,0.807,0.5,2.8,3.3,2.2,1,0.4,1.6,2.3,18.8,-0.4
451,Joshua Primo,SG,19,SAS,30,4,15.9,1.7,4.7,0.369,0.8,2.5,0.32,0.9,2.2,0.424,0.454,0.6,0.8,0.76,0.6,1.1,1.7,1.4,0.4,0.5,0.9,1.2,4.9,-4.2
452,Taurean Prince,PF,27,MIN,47,8,15.3,2,4.5,0.455,1.1,2.7,0.391,1,1.8,0.554,0.573,0.6,0.8,0.757,0.4,2,2.3,0.9,0.6,0.3,0.7,1.4,5.7,-1.4
453,Payton Pritchard,SG,24,BOS,49,2,12.3,1.7,4.5,0.378,1,2.7,0.361,0.7,1.8,0.404,0.486,0.3,0.3,1,0.3,1.3,1.6,1.7,0.2,0.1,0.7,0.9,4.7,-2.1
454,Trevelin Queen,SG,24,HOU,8,0,8.6,1.6,3.6,0.448,1,2.8,0.364,0.6,0.9,0.714,0.586,0.4,0.4,1,0.6,1.1,1.8,0.4,0.6,0,0.9,0.8,4.6,-0.5
455,Neemias Queta,C,22,SAC,10,0,5.6,0.9,2.3,0.391,0,0,,0.9,2.3,0.391,0.391,0.3,0.5,0.6,1.1,0.8,1.9,0.4,0.1,0.4,0.4,1.1,2.1,-6.4
456,Immanuel Quickley,PG,22,NYK,55,2,21.3,3.1,8.5,0.368,1.6,4.9,0.328,1.5,3.6,0.421,0.462,1.5,1.7,0.914,0.4,1.9,2.3,3,0.6,0.1,1.3,2.2,9.4,-2.5
457,Jahmi'us Ramsey,SG,20,SAC,19,0,7.1,1.3,3.1,0.414,0.3,0.9,0.278,1,2.1,0.475,0.457,0.4,0.7,0.5,0.2,0.5,0.7,0.4,0.1,0.1,0.3,0.5,3.2,-6.9
458,Julius Randle,PF,27,NYK,57,57,35.7,7.1,16.9,0.421,1.6,5.3,0.306,5.5,11.6,0.474,0.469,3.9,5.2,0.765,1.8,8.4,10.2,5.2,0.8,0.6,3.5,2.8,19.8,0.6
459,Austin Reaves,SG,23,LAL,39,0,21.3,2.1,4.3,0.488,0.8,2.4,0.326,1.3,1.9,0.699,0.58,1.2,1.4,0.821,0.6,2.1,2.6,1.3,0.3,0.3,0.5,1.4,6.2,-2.4
460,Cam Reddish,SF,22,TOT,43,7,21,3.5,8.8,0.395,1.4,3.9,0.361,2,4.8,0.423,0.476,2.1,2.3,0.911,0.5,1.7,2.1,1,1,0.3,1.2,1.1,10.5,-1.7
461,Davon Reed,SG,26,DEN,29,3,13.8,1.6,3.3,0.474,0.8,1.8,0.434,0.8,1.4,0.524,0.595,0.1,0.2,0.8,0.3,2.2,2.5,1,0.6,0.1,0.3,1.4,4,0
462,Paul Reed,C,22,PHI,24,2,9.5,1.1,2.5,0.45,0,0.2,0,1.1,2.3,0.482,0.45,0.2,0.4,0.4,1.3,1.4,2.7,0.4,0.8,0.5,0.3,1.5,2.4,-2
463,Naz Reid,C,22,MIN,56,5,15.9,2.9,6.3,0.469,0.8,2.1,0.35,2.2,4.1,0.53,0.528,1.5,2,0.739,1.4,2.5,3.9,0.9,0.4,1,1,2.1,8.1,-0.3
464,Nick Richards,C,24,CHO,41,5,8.4,1.3,2,0.679,0,0,,1.3,2,0.679,0.679,0.7,1,0.732,0.7,1.2,2,0.3,0.2,0.5,0.5,1.2,3.4,-2.2
465,Josh Richardson,SG,28,TOT,45,0,24.5,3.4,7.7,0.441,1.4,3.5,0.399,2,4.2,0.476,0.532,1.4,1.6,0.859,0.6,2.2,2.8,1.5,0.8,0.5,0.9,1.8,9.6,0
466,Austin Rivers,SG,29,DEN,44,13,21,2.2,5.3,0.413,1.2,3.5,0.346,1,1.9,0.537,0.526,0.4,0.6,0.704,0.3,1.3,1.7,1.1,0.7,0.1,0.9,1.6,6,-3.7
467,Duncan Robinson,SG,27,MIA,56,51,27.5,4,10,0.398,3.1,8.4,0.364,0.9,1.6,0.58,0.551,0.7,0.9,0.833,0.4,2.6,3,1.6,0.6,0.2,0.9,2.6,11.8,-0.5
468,Justin Robinson,PG,24,TOT,25,0,12.2,1.1,3.7,0.301,0.7,2.4,0.295,0.4,1.3,0.313,0.398,0.2,0.3,0.5,0.2,0.7,0.8,1.3,0.4,0,0.7,1.1,3.1,-7.8
469,Mitchell Robinson,C,23,NYK,53,44,25.4,3.6,4.7,0.762,0,0,,3.6,4.7,0.762,0.762,1.3,2.5,0.519,3.9,4.9,8.7,0.4,0.7,1.7,0.8,2.7,8.4,1.6
470,Jeremiah Robinson-Earl,C,21,OKC,44,36,23,2.7,6.6,0.401,1.1,3.4,0.333,1.5,3.2,0.472,0.486,0.7,1,0.714,1.6,4.2,5.8,1,0.6,0.3,0.8,1.7,7.1,-2.5
471,Isaiah Roby,PF,23,OKC,22,8,15.1,2.8,5.4,0.513,0.6,1.5,0.406,2.2,4,0.552,0.567,0.8,1.2,0.667,1.4,2.3,3.7,0.7,0.6,0.5,0.8,1.9,7,-0.7
472,Rajon Rondo,PG,35,TOT,31,0,18.3,1.7,4.8,0.365,0.7,2.3,0.324,1,2.5,0.403,0.443,0.5,0.7,0.81,0.4,2.6,3,4.1,0.8,0.2,1.8,1.5,4.8,-2
473,Derrick Rose,PG,33,NYK,26,4,24.5,4.7,10.5,0.445,1.4,3.5,0.402,3.3,7,0.467,0.513,1.2,1.2,0.968,0.8,2.2,3,4,0.8,0.5,1.5,0.6,12,2.1
474,Terrence Ross,SG,30,ORL,51,0,24.2,3.7,9,0.406,1.3,4.2,0.316,2.3,4.8,0.484,0.479,1.9,2.2,0.867,0.3,2.2,2.5,2,0.5,0.2,1.3,1.1,10.6,-3.4
475,Terry Rozier,SG,27,CHO,51,51,33.7,6.8,16,0.428,3,8.2,0.36,3.9,7.8,0.5,0.52,2,2.5,0.819,0.8,3.5,4.3,4.3,1.1,0.4,1.3,1.6,18.7,1.1
476,Ricky Rubio,PG,31,CLE,34,8,28.5,4.4,12.1,0.363,1.7,5.1,0.339,2.6,7,0.38,0.434,2.6,3,0.854,0.4,3.7,4.1,6.6,1.4,0.2,2.6,2.2,13.1,0.4
477,D'Angelo Russell,PG,25,MIN,45,45,32.2,6.5,15.9,0.408,3,8.6,0.351,3.5,7.3,0.474,0.502,2.9,3.6,0.802,0.4,3.1,3.5,7,0.9,0.5,2.5,2.2,18.8,1.6
478,Domantas Sabonis,C-PF,25,TOT,51,50,34.5,7.1,12.3,0.579,0.7,2.2,0.315,6.4,10.1,0.636,0.607,3.9,5.3,0.739,3.3,8.7,12,5.1,1,0.5,3,3.1,18.8,4.6
479,Olivier Sarr,C,22,OKC,2,0,7,0.5,1.5,0.333,0,0.5,0,0.5,1,0.5,0.333,1,1,1,0,2.5,2.5,0,0,1,0,0.5,2,-0.2
480,Tomáš Satoranský,SG,30,NOP,32,3,15,1,3.3,0.299,0.2,1,0.161,0.8,2.4,0.355,0.322,0.6,0.8,0.76,0.6,1.4,2,2.4,0.4,0,0.7,1,2.8,-5.7
481,Jordan Schakel,SG,23,WAS,2,0,7,0,3,0,0,1.5,0,0,1.5,0,0,0,0,,1,0.5,1.5,0,0,0,0,0,0,-20.5
482,Admiral Schofield,SF,24,ORL,24,1,11.3,1.3,2.8,0.471,0.6,1.7,0.341,0.8,1.1,0.667,0.574,0.2,0.3,0.714,0.4,1.7,2,0.7,0.1,0.2,0.5,1.3,3.5,-4.5
483,Dennis Schröder,SG-PG,28,TOT,52,27,29.2,5.2,11.9,0.436,1.3,3.9,0.343,3.8,7.9,0.482,0.493,2.5,3,0.852,0.6,2.8,3.4,4.4,0.8,0.1,2.2,2.4,14.2,-1.6
484,Tre Scott,SF,25,CLE,2,0,5.5,1.5,3,0.5,0,0.5,0,1.5,2.5,0.6,0.5,0,0,,0.5,0.5,1,0,0.5,0.5,0,1,3,-2.9
485,Jay Scrubb,SG,21,LAC,18,0,6.7,1,2.6,0.391,0.3,1.2,0.286,0.7,1.4,0.48,0.457,0.4,0.6,0.7,0.1,0.8,0.9,0.4,0.2,0.2,0.4,0.5,2.7,-4.7
486,Wayne Selden,SG,27,NYK,3,0,6.3,0.3,1.3,0.25,0.3,0.7,0.5,0,0.7,0,0.375,0.7,1.3,0.5,0,0.3,0.3,0.3,0,0,0,0.3,1.7,-6.2
487,Alperen Şengün,C,19,HOU,50,5,18.7,3.1,6.4,0.481,0.4,1.3,0.277,2.7,5.1,0.533,0.509,2.2,3.2,0.698,1.7,3.1,4.8,2.5,0.8,0.9,2,2.9,8.7,-0.6
488,Collin Sexton,SG,23,CLE,11,11,28.7,6.2,13.7,0.45,1,4.1,0.244,5.2,9.6,0.538,0.487,2.6,3.5,0.744,1.2,2.1,3.3,2.1,0.9,0,2.8,2.3,16,-3.9
489,Landry Shamet,SG,24,PHO,45,7,19.8,2.4,6.4,0.37,1.6,4.5,0.353,0.8,2,0.409,0.493,1,1.2,0.852,0.2,1.7,1.9,1.6,0.5,0.1,0.5,1.2,7.4,-1
490,Day'Ron Sharpe,PF,20,BRK,30,8,12.4,2.7,4.7,0.571,0,0.1,0.25,2.6,4.5,0.581,0.575,0.7,1.2,0.568,2.6,2.5,5.1,0.5,0.3,0.5,1,2,6.1,-3.6
491,Pascal Siakam,PF,27,TOR,44,44,37.8,8.5,17.1,0.495,1.1,3.1,0.348,7.4,14,0.528,0.527,3.9,5.3,0.738,2.1,6.6,8.7,5.2,1.3,0.7,2.8,3.5,21.9,3
492,Chris Silva,PF,25,TOT,10,0,9.1,0.8,1.5,0.533,0,0,,0.8,1.5,0.533,0.533,1,1.2,0.833,1.3,2.3,3.6,0.7,0,0.1,0.8,2,2.6,-4.9
493,Marko Simonovic,C,22,CHI,9,0,3.9,0.4,1.7,0.267,0.1,0.6,0.2,0.3,1.1,0.3,0.3,0.9,1.2,0.727,0.6,0.6,1.1,0,0.1,0.1,0.2,0.7,1.9,-11
494,Anfernee Simons,SG,22,POR,53,26,29.3,6.2,13.8,0.447,3.1,7.6,0.4,3.1,6.1,0.505,0.558,1.6,1.8,0.885,0.5,2.2,2.7,3.9,0.5,0.1,1.9,1.9,17,-0.4
495,Jericho Sims,PF,23,NYK,18,0,6.5,0.4,0.6,0.727,0,0,,0.4,0.6,0.727,0.727,0.2,0.2,0.75,0.6,0.9,1.5,0.1,0.2,0.4,0.1,0.6,1.1,-0.6
496,Deividas Sirvydis,SG,21,DET,3,0,9,0.3,3.3,0.1,0.3,2.3,0.143,0,1,0,0.15,0,0,,0,2,2,0.3,1,0.3,0,1.3,1,-8.9
497,Javonte Smart,PG,22,MIL,13,1,12.3,0.8,3.3,0.256,0.3,1.4,0.222,0.5,1.9,0.28,0.302,0.4,0.5,0.833,0.3,1.2,1.5,1.1,0.3,0.2,0.7,0.8,2.4,-8.2
498,Marcus Smart,PG,27,BOS,50,50,32.7,4,9.8,0.411,1.5,4.8,0.311,2.5,5,0.506,0.487,2.2,2.8,0.783,0.6,3.3,3.9,5.3,1.8,0.3,2,2.4,11.7,0.2
499,Dennis Smith Jr.,PG,24,POR,37,4,17.2,2.1,5.1,0.418,0.2,0.7,0.222,2,4.4,0.451,0.434,1.1,1.7,0.656,0.5,1.8,2.4,3.6,1.2,0.3,1.4,1.4,5.6,-1.4
500,Ish Smith,PG,33,TOT,41,1,14.6,2.3,5.3,0.425,0.3,0.7,0.4,2,4.6,0.429,0.452,0.3,0.5,0.632,0.3,1.3,1.6,2.9,0.6,0.3,1,1.1,5.1,-3.5
501,Jalen Smith,PF,21,TOT,33,6,14.1,2.5,5.1,0.485,0.5,1.6,0.288,2,3.5,0.573,0.53,1.3,1.8,0.759,1.8,3.1,5,0.3,0.3,0.6,0.8,1.9,6.8,-1.4
502,Xavier Sneed,SF,24,MEM,2,0,4,0,1,0,0,1,0,0,0,,0,0,0,,0.5,0.5,1,0,0,0,0,1,0,-20
503,Tony Snell,SG,30,TOT,41,10,14.6,1.1,2.8,0.395,0.7,2.1,0.341,0.4,0.6,0.577,0.526,0.1,0.1,1,0.3,1.6,1.9,0.5,0.2,0.2,0.4,1.2,3,-4.3
504,Jaden Springer,SG,19,PHI,2,0,3,0.5,0.5,1,0,0,,0.5,0.5,1,1,0,0,,0.5,0.5,1,0,0,1,0.5,0,1,17
505,Cassius Stanley,SG,22,DET,9,1,17.2,2.1,5.1,0.413,0.4,1.9,0.235,1.7,3.2,0.517,0.457,1.1,1.1,1,0.6,1.6,2.1,0.4,0.6,0.2,0.7,1.9,5.8,-6.1
506,Nik Stauskas,SG,28,MIA,2,0,12,1.5,4,0.375,1,2,0.5,0.5,2,0.25,0.5,1.5,2,0.75,0.5,1,1.5,0.5,0,0,0,0.5,5.5,-1.2
507,Lance Stephenson,SG-SF,31,TOT,30,1,18.1,3.3,7.1,0.458,0.5,2,0.246,2.8,5.1,0.542,0.493,1.3,1.7,0.8,0.3,2.7,3,3.7,0.5,0.1,1.6,1.9,8.4,-3
508,Lamar Stevens,PF,24,CLE,41,8,14.3,2,4.3,0.475,0.3,1.1,0.295,1.7,3.2,0.534,0.511,0.6,1,0.625,0.7,1.5,2.2,0.6,0.5,0.2,0.5,1.4,5,-2
509,Isaiah Stewart,C,20,DET,50,50,26,3.6,7,0.523,0.1,0.5,0.125,3.6,6.5,0.552,0.527,1,1.4,0.667,3.1,5.4,8.4,1.1,0.3,1.1,1.3,2.9,8.3,-3.6
510,Max Strus,SF,25,MIA,47,9,23.8,3.7,8.5,0.436,2.6,6.5,0.401,1.1,2,0.547,0.589,0.7,0.9,0.767,0.4,2.8,3.2,1.3,0.3,0.2,0.8,1.7,10.7,0.5
511,Jalen Suggs,PG,20,ORL,39,36,28.2,4.4,12,0.367,0.9,4.2,0.228,3.5,7.9,0.44,0.406,2.8,3.7,0.776,0.6,3.1,3.7,4.4,1.3,0.4,3,3,12.6,-5.2
512,Craig Sword,SG,28,WAS,3,0,6.3,1,1.3,0.75,0,0.3,0,1,1,1,0.75,0,0,,0,0,0,0.3,1.3,0,0.3,2.3,2,1.6
513,Keifer Sykes,PG,28,IND,20,10,19.3,2.5,6.8,0.36,1,3.3,0.308,1.5,3.6,0.408,0.434,0.6,0.7,0.857,0.4,1.5,1.8,2.2,0.4,0.2,1.3,1.9,6.5,-6.2
514,Jae'Sean Tate,SF,26,HOU,56,55,27.4,4.9,9.7,0.507,0.8,2.6,0.286,4.2,7.1,0.589,0.546,2,2.8,0.717,1.7,3.9,5.6,3.1,0.9,0.6,1.9,3.7,12.6,-1.4
515,Jayson Tatum,SF,23,BOS,56,56,36.1,8.9,20.6,0.434,2.8,8.4,0.329,6.2,12.2,0.505,0.5,5.1,6,0.848,1.2,7.2,8.4,4.2,1,0.7,2.9,2.3,25.7,3.7
516,Terry Taylor,SG,22,IND,13,2,19,4.2,7.1,0.598,0.3,0.7,0.444,3.9,6.4,0.614,0.62,0.8,1,0.769,3.4,3.5,6.8,1.5,0.2,0.2,0.4,1.9,9.5,1.2
517,Garrett Temple,SG,35,NOP,55,16,19.2,1.9,5.1,0.379,1,3.2,0.316,0.9,1.9,0.481,0.477,0.5,0.7,0.683,0.5,2,2.5,1.3,0.7,0.4,0.7,1.5,5.4,-2.6
518,Emanuel Terry,PF,25,PHO,3,0,6,0,1.7,0,0,0,,0,1.7,0,0,0,0,,2.7,2.3,5,0.7,0.3,0,1.7,1.3,0,-18.5
519,Tyrell Terry,PG,21,MEM,2,0,1.5,0.5,0.5,1,0,0,,0.5,0.5,1,1,0,0,,0,0,0,0,0,0,0,0.5,1,-1
520,Jon Teske,C,24,MEM,3,0,2.7,0,0.3,0,0,0,,0,0.3,0,0,0,0.7,0,0,0.7,0.7,0.3,0.3,0,0,0.3,0,-4.9
521,Daniel Theis,C,29,TOT,28,21,22.1,3.1,6.5,0.481,0.9,2.9,0.3,2.3,3.7,0.621,0.546,1,1.4,0.675,1.1,3.9,5.1,0.8,0.5,0.8,1.1,2.4,8.1,-2.8
522,Brodric Thomas,SG,25,BOS,8,0,5,0.4,1.4,0.273,0.1,0.9,0.143,0.3,0.5,0.5,0.318,0.3,0.3,1,0.3,0.5,0.8,0.6,0,0.1,0.5,0.6,1.1,-7.8
523,Cam Thomas,SG,20,BRK,48,2,19.6,3.8,8.6,0.445,0.9,3.1,0.273,3,5.4,0.544,0.495,1.3,1.6,0.808,0.2,2.4,2.6,1.3,0.5,0.1,0.8,1,9.8,-2.7
524,Isaiah Thomas,PG,32,TOT,5,1,22.8,3,9.4,0.319,1,5,0.2,2,4.4,0.455,0.372,1.6,2.2,0.727,0.2,1.4,1.6,2,0,0.4,1,2.4,8.6,-7.9
525,Matt Thomas,SG,27,CHI,35,0,12.8,1.4,3.6,0.397,0.9,2.5,0.384,0.5,1.1,0.425,0.528,0.5,0.6,0.8,0.1,1.3,1.4,0.6,0.2,0.1,0.2,0.5,4.3,-2.9
526,Klay Thompson,SG,31,GSW,16,16,25.3,6.2,14.8,0.418,2.9,7.7,0.374,3.3,7.1,0.465,0.515,1.8,1.9,0.935,0.4,3.4,3.8,3.1,0.6,0.4,1.4,1.5,17.1,2.1
527,Tristan Thompson,PF,30,TOT,34,3,15.3,2.6,5.1,0.509,0,0,1,2.6,5.1,0.506,0.511,1,2,0.515,2.3,2.9,5.3,0.6,0.3,0.4,1,1.7,6.3,-4
528,JT Thor,PF,19,CHO,19,0,9,0.9,2.2,0.405,0.4,1.3,0.292,0.5,0.9,0.556,0.488,0.4,0.6,0.667,0.5,0.9,1.4,0.7,0.3,0.4,0.3,1,2.6,-2.7
529,Matisse Thybulle,SG,24,PHI,43,28,26.4,2.3,4.7,0.49,0.7,2.4,0.286,1.6,2.2,0.716,0.565,0.4,0.5,0.696,0.5,1.7,2.3,1.2,1.8,1.1,0.7,2.3,5.6,0.7
530,Killian Tillie,C,23,MEM,32,3,13.3,1.3,3.6,0.362,0.8,2.4,0.338,0.5,1.2,0.41,0.474,0.2,0.3,0.625,0.6,1.1,1.7,0.6,0.7,0.4,0.3,1.7,3.6,-1.8
531,Xavier Tillman Sr.,PF,23,MEM,39,0,13.1,1.8,3.9,0.451,0.2,0.9,0.2,1.6,3,0.525,0.474,0.8,1.2,0.646,1.2,1.8,3,1,1.1,0.4,0.7,1.3,4.5,1.2
532,Isaiah Todd,PF,20,WAS,10,0,4.1,0.5,1.7,0.294,0.4,1.1,0.364,0.1,0.6,0.167,0.412,0.2,0.6,0.333,0.2,0.8,1,0.3,0.2,0.2,0.1,0.1,1.6,-0.1
533,Obi Toppin,PF,23,NYK,54,2,15.1,2.8,5.6,0.51,0.4,1.7,0.226,2.4,3.8,0.638,0.545,1.2,1.6,0.75,0.9,2.6,3.6,0.9,0.3,0.4,0.8,1.4,7.3,0
534,Juan Toscano-Anderson,SF,28,GSW,56,5,14.5,1.8,3.6,0.49,0.4,1.3,0.301,1.4,2.3,0.597,0.545,0.6,1,0.596,0.5,2.2,2.6,1.9,0.7,0.3,1.1,1.6,4.5,-0.5
535,Karl-Anthony Towns,C,26,MIN,52,52,34.3,8.7,16.7,0.522,2.1,5.2,0.409,6.6,11.5,0.574,0.586,4.9,5.9,0.819,2.8,6.9,9.7,4,1,1.1,3.3,3.6,24.4,5.2
536,Gary Trent Jr.,SG,23,TOR,48,47,34.9,6.7,15.7,0.43,3.2,8,0.397,3.5,7.6,0.463,0.531,1.9,2.4,0.814,0.3,2.4,2.7,1.9,1.9,0.3,1,2.1,18.6,0.7
537,P.J. Tucker,PF,36,MIA,52,51,28.6,3.2,6.4,0.495,1.4,3.1,0.45,1.8,3.3,0.538,0.604,0.8,1,0.722,1.5,4.1,5.5,2.1,0.8,0.2,1,2.4,8.5,1
538,Rayjon Tucker,SG,24,DEN,3,0,9.7,0.3,0.7,0.5,0.3,0.7,0.5,0,0,,0.75,1,1.3,0.75,0.3,1,1.3,1.3,0.3,0,0,1,2,1.9
539,Myles Turner,C,25,IND,42,42,29.4,4.8,9.4,0.509,1.5,4.4,0.333,3.3,5,0.662,0.587,1.9,2.5,0.752,1.5,5.5,7.1,1,0.7,2.8,1.3,2.8,12.9,1.6
540,Jonas Valančiūnas,C,29,NOP,53,53,31.3,6.9,12.8,0.538,0.9,2.3,0.385,6,10.5,0.572,0.573,3.3,4,0.825,3.2,8.3,11.5,2.6,0.5,0.9,2.5,3.3,18,1.9
541,Denzel Valentine,SG,28,TOT,24,0,9.3,1,2.8,0.379,0.8,2,0.404,0.3,0.8,0.316,0.523,0,0,,0.4,1.4,1.8,0.5,0.3,0,0.5,0.8,2.9,-2.6
542,Jarred Vanderbilt,PF,22,MIN,54,47,26,3,5,0.596,0,0.2,0.182,3,4.8,0.613,0.599,1.1,1.7,0.656,3.1,5.7,8.8,1.4,1.5,0.7,1,2.5,7.2,0.9
543,Fred VanVleet,PG,27,TOR,50,50,38.4,7.3,17.3,0.419,4,10,0.401,3.2,7.3,0.443,0.535,3.1,3.5,0.874,0.8,3.8,4.6,7,1.6,0.5,2.7,2.3,21.6,4.6
544,Devin Vassell,SF,21,SAS,51,12,25.7,4.5,10.3,0.434,1.7,5.1,0.345,2.7,5.2,0.521,0.519,0.9,1.1,0.804,0.5,3.7,4.2,1.7,1,0.6,0.7,2,11.5,-0.5
545,Gabe Vincent,PG,25,MIA,50,19,24,3.3,7.8,0.423,1.8,4.9,0.374,1.5,2.9,0.503,0.54,0.7,0.9,0.822,0.4,1.7,2,3.4,0.9,0.2,1.5,2.5,9.2,-0.7
546,Nikola Vučević,C,31,CHI,52,52,33.9,7.7,16.2,0.474,1.5,4.8,0.317,6.2,11.4,0.541,0.522,1.3,1.7,0.756,2,9.7,11.7,3.6,1,1.2,1.9,2.5,18.2,1.6
547,Dean Wade,PF,25,CLE,43,25,19.3,2,4.3,0.462,1.1,2.9,0.376,0.9,1.4,0.639,0.589,0.4,0.6,0.63,0.7,2.5,3.1,1.2,0.6,0.1,0.4,1.7,5.5,0
548,Franz Wagner,SF,20,ORL,60,60,32,5.9,12.7,0.466,1.3,3.6,0.362,4.7,9.2,0.506,0.516,2.4,2.9,0.854,1.1,3.5,4.6,3,0.9,0.5,1.6,2.1,15.6,-1
549,Moritz Wagner,C,24,ORL,45,0,12.5,2.6,5.3,0.5,0.9,2.8,0.331,1.7,2.5,0.684,0.586,1.4,1.8,0.797,0.5,2,2.4,1.1,0.3,0.2,0.7,1.8,7.6,1.5
550,Ish Wainright,PF,27,PHO,29,0,7.4,0.7,2,0.362,0.3,1.1,0.29,0.4,0.9,0.444,0.44,0.1,0.2,0.429,0.7,0.6,1.3,0.3,0.3,0.2,0.3,1.1,1.9,-3.6
551,Kemba Walker,PG,31,NYK,37,37,25.6,4,10,0.403,2,5.4,0.367,2.1,4.6,0.444,0.501,1.6,1.9,0.845,0.4,2.6,3,3.5,0.7,0.2,1.3,1,11.6,0.2
552,Lonnie Walker IV,SG,23,SAS,54,6,22.8,4.2,10.6,0.395,1.4,4.7,0.294,2.8,5.8,0.476,0.461,1.5,1.8,0.808,0.3,2.3,2.6,2.3,0.6,0.3,1.1,1.4,11.2,-3.2
553,M.J. Walker,SG,23,PHO,2,0,4,0,2,0,0,1,0,0,1,0,0,0,0,,0,0.5,0.5,0.5,1,0,0,0.5,0,-9.7
554,Derrick Walton,PG,26,DET,3,3,36,2,8.7,0.231,1,4.3,0.231,1,4.3,0.231,0.288,1.3,1.3,1,0.7,2.7,3.3,7,2.3,1.3,3.7,2.7,6.3,-4.7
555,Brad Wanamaker,PG,32,TOT,23,2,13.9,1.2,3.3,0.364,0.2,0.7,0.235,1,2.6,0.4,0.39,1,1.1,0.92,0.3,1.4,1.7,2.4,0.3,0.3,1,2,3.6,-5.7
556,Duane Washington Jr.,PG,21,IND,28,7,19.8,3.3,8.6,0.378,1.5,4.4,0.341,1.8,4.2,0.415,0.465,0.8,1,0.759,0.1,1.8,1.8,1.9,0.5,0,1,1.4,8.8,-5.4
557,P.J. Washington,PF,23,CHO,43,6,25.4,3.5,7.8,0.443,1.8,4.7,0.376,1.7,3.1,0.545,0.557,1.1,1.5,0.723,1.3,4.3,5.6,2,0.8,0.9,1.3,2.5,9.8,-0.2
558,Yuta Watanabe,SF,27,TOR,25,4,14.6,1.7,4.2,0.396,0.8,2.4,0.356,0.8,1.9,0.447,0.495,0.7,1.2,0.567,0.6,2.3,2.9,0.6,0.3,0.5,0.6,1.3,4.9,-3.1
559,Lindy Waters III,SG,24,OKC,3,0,4,0.7,1,0.667,0.3,0.7,0.5,0.3,0.3,1,0.833,0,0,,0,0.3,0.3,0,0,0,0,0.7,1.7,-3.8
560,Tremont Waters,PG,24,TOT,3,0,16.7,1.3,4.7,0.286,0.7,3,0.222,0.7,1.7,0.4,0.357,0,0,,0,1.3,1.3,2.3,1.7,0,1.3,1.3,3.3,-7.7
561,Trendon Watford,SF,21,POR,33,0,12.6,1.9,3.2,0.59,0,0.3,0.091,1.8,2.8,0.649,0.595,0.7,1.1,0.686,0.8,2.4,3.2,1.1,0.3,0.5,0.7,1.7,4.5,-2.1
562,Paul Watson,SF,27,OKC,9,3,17.3,1.3,3.9,0.343,0.7,2.9,0.231,0.7,1,0.667,0.429,0.1,0.2,0.5,0.3,2.7,3,0.9,0.3,0.3,0.4,1.1,3.4,-5.5
563,Quinndary Weatherspoon,SG,25,GSW,5,0,6.6,1.2,2,0.6,0,0.2,0,1.2,1.8,0.667,0.6,0.4,0.4,1,0.2,1,1.2,0.4,0.2,0.2,0.6,1.4,2.8,-6.5
564,Russell Westbrook,PG,33,LAL,57,57,34.6,6.9,15.8,0.437,1,3.5,0.299,5.9,12.4,0.475,0.47,3.4,5.1,0.668,1.4,6.4,7.8,7.5,1.1,0.3,4.1,3,18.3,-1.4
565,Coby White,PG,21,CHI,39,15,28.2,5,11,0.453,2.4,5.9,0.401,2.6,5.1,0.515,0.562,1.6,1.9,0.84,0.3,2.8,3.1,2.8,0.5,0.3,1.3,2.3,14,-1.4
566,Derrick White,SG,27,TOT,53,49,30.3,4.9,11.6,0.423,1.6,5.4,0.306,3.3,6.2,0.523,0.493,2.8,3.2,0.86,0.5,3,3.6,5.5,1.1,0.9,1.8,2.4,14.2,1.6
567,Hassan Whiteside,C,32,UTA,46,7,18.5,3.5,5.5,0.63,0,0,,3.5,5.5,0.63,0.63,1.7,2.6,0.653,2.5,5.3,7.8,0.4,0.3,1.5,0.9,3,8.7,1.3
568,Joe Wieskamp,SG,22,SAS,15,0,6.1,0.9,1.9,0.464,0.5,1.3,0.421,0.3,0.6,0.556,0.607,0.2,0.5,0.429,0.2,0.3,0.5,0.3,0.1,0.1,0.1,0.4,2.5,-0.1
569,Aaron Wiggins,SG,23,OKC,34,20,22.4,2.6,5.7,0.464,0.8,2.6,0.307,1.9,3.1,0.594,0.534,1.1,1.5,0.706,0.9,2.5,3.4,1.1,0.7,0.2,0.8,2,7.1,-2.9
570,Andrew Wiggins,SF,26,GSW,54,54,31.7,6.7,13.9,0.481,2.3,5.5,0.414,4.4,8.4,0.524,0.562,2.1,3.2,0.661,1,3.2,4.2,2.1,1,0.7,1.5,1.9,17.7,1.3
571,Lindell Wigginton,PG,23,MIL,10,0,10.5,1.4,2.6,0.538,0.7,1.3,0.538,0.7,1.3,0.538,0.673,0.9,1.3,0.692,0.1,1.4,1.5,0.7,0.3,0.1,0.6,0.8,4.4,-0.6
572,Brandon Williams,PG,22,POR,2,0,6,1,1.5,0.667,0,0,,1,1.5,0.667,0.667,2,3.5,0.571,0,1,1,1,0,0,0,0,4,4.1
573,Grant Williams,PF,23,BOS,55,15,23.2,2.5,5.2,0.49,1.6,3.5,0.446,1,1.7,0.581,0.64,0.8,0.9,0.898,0.8,2.5,3.2,1.1,0.5,0.7,0.7,2.3,7.5,0.6
574,Kenrich Williams,SF,27,OKC,49,0,21.9,3,6.5,0.461,0.8,2.5,0.339,2.1,4,0.536,0.525,0.6,1.1,0.545,1.5,3,4.5,2.2,0.9,0.2,0.9,1.7,7.4,-0.2
575,Lou Williams,PG,35,ATL,40,0,14.7,2.4,6.1,0.397,0.8,2.1,0.357,1.7,4,0.418,0.459,1.3,1.4,0.893,0.3,1.3,1.6,2,0.5,0.1,0.8,0.9,6.8,-2.9
576,Patrick Williams,PF,20,CHI,5,5,25,2.6,4.6,0.565,0.6,1.2,0.5,2,3.4,0.588,0.63,0.8,0.8,1,0.2,2,2.2,0.6,0.6,0.4,0.4,1.8,6.6,-2
577,Robert Williams,C,24,BOS,47,47,30,4.4,6,0.732,0,0,0,4.4,6,0.735,0.732,1.1,1.6,0.693,3.9,5.8,9.7,2,0.9,2.2,1.2,2.1,10,4.9
578,Ziaire Williams,SF,20,MEM,40,19,21.5,2.9,6.5,0.441,1.1,3.7,0.284,1.8,2.8,0.646,0.521,0.5,0.6,0.76,0.3,1.5,1.8,0.9,0.6,0.2,0.6,2,7.3,-4.2
579,D.J. Wilson,PF,25,TOR,3,1,16,2.7,3.7,0.727,0,0.7,0,2.7,3,0.889,0.727,2.7,3.3,0.8,0.3,4.3,4.7,1.3,1.7,0.3,0.7,1.7,8,4.7
580,Dylan Windler,SF,25,CLE,37,0,9.3,0.9,2.1,0.429,0.6,1.5,0.389,0.3,0.6,0.522,0.565,0.2,0.2,0.778,0.4,1.3,1.7,0.7,0.2,0.1,0.4,1,2.5,-0.7
581,Justise Winslow,SF,25,TOT,43,6,15.5,2.1,4.7,0.451,0.3,1.2,0.22,1.9,3.6,0.526,0.478,0.8,1.2,0.623,0.9,3.2,4.1,1.7,0.7,0.5,1,1.3,5.3,-1
582,Cassius Winston,PG,23,WAS,4,0,5.8,0.8,1.5,0.5,0.5,1.3,0.4,0.3,0.3,1,0.667,0.5,0.5,1,0,0,0,1,0,0,0.3,1,2.5,-2.9
583,Christian Wood,C,26,HOU,54,53,30.9,6.4,13.3,0.484,1.8,4.9,0.372,4.6,8.4,0.55,0.553,2.9,4.6,0.616,1.7,8.5,10.2,2.2,0.8,0.9,1.9,2.4,17.5,0.7
584,Robert Woodard II,SF,22,SAC,12,0,3.5,0.2,1.3,0.125,0.1,0.3,0.25,0.1,1,0.083,0.156,0.2,0.2,1,0.4,0.5,0.9,0.3,0.1,0.1,0.1,0.3,0.6,-10.4
585,Delon Wright,SG,29,ATL,53,5,18.2,1.6,3.6,0.442,0.5,1.5,0.377,1,2.1,0.487,0.518,0.6,0.8,0.825,0.7,2.2,2.9,2.5,1,0.2,0.6,0.8,4.3,1.6
586,McKinley Wright IV,PG,23,MIN,3,0,3,0.7,1,0.667,0.3,0.7,0.5,0.3,0.3,1,0.833,0,0,,0,0,0,0.3,0,0,0.3,0.3,1.7,-2.3
587,Moses Wright,PF,23,LAC,1,0,1,0,0,,0,0,,0,0,,,0,0,,0,0,0,1,0,0,0,0,0,24.3
588,Thaddeus Young,PF,33,TOT,28,1,14.4,2.9,5.1,0.57,0,0.3,0,2.9,4.8,0.6,0.57,0.4,0.8,0.435,1.6,2.1,3.6,2.2,0.9,0.3,1.2,1.5,6.1,2.1
589,Trae Young,PG,23,ATL,53,53,34.4,9.3,20.5,0.456,3,7.8,0.383,6.4,12.7,0.501,0.529,6.2,6.9,0.898,0.6,3.2,3.9,9.3,1,0.1,4.1,1.6,27.8,4.6
590,Omer Yurtseven,C,23,MIA,42,10,14.1,2.7,5,0.538,0,0.2,0.143,2.6,4.8,0.552,0.541,0.8,1.3,0.63,1.7,4.2,6,1,0.4,0.4,0.9,1.7,6.2,-0.1
591,Cody Zeller,C,29,POR,27,0,13.1,1.9,3.3,0.567,0,0.1,0,1.9,3.2,0.593,0.567,1.4,1.8,0.776,1.9,2.8,4.6,0.8,0.3,0.2,0.7,2.1,5.2,-1.8
592,Ivica Zubac,C,24,LAC,55,55,24.2,3.7,5.8,0.65,0,0,,3.7,5.8,0.65,0.65,2.2,3.1,0.713,2.6,5.4,8,1.4,0.5,1,1.4,2.5,9.7,0.8
